subject,prefix,label,trial,trial_num,ambient,split_mode1,valid,csi_exists,proxy13_exists,full33_exists,csi_path,proxy13_path,full33_path
ajh,AJH,standing_still,t001,1,quiet,train,True,True,True,True,csi_to_pose_ajh/csi/safe/posture/standing_still/AJH/AJH_standing_still_t001.csv,csi_to_pose_ajh/pose_gt_world/proxy_13/standing_still/AJH/AJH_standing_still_t001_proxy13.csv,csi_to_pose_ajh/pose_gt_world/full_33_landmarks/standing_still/AJH/AJH_standing_still_t001_full33.csv
ajh,AJH,standing_still,t002,2,quiet,train,True,True,True,True,csi_to_pose_ajh/csi/safe/posture/standing_still/AJH/AJH_standing_still_t002.csv,csi_to_pose_ajh/pose_gt_world/proxy_13/standing_still/AJH/AJH_standing_still_t002_proxy13.csv,csi_to_pose_ajh/pose_gt_world/full_33_landmarks/standing_still/AJH/AJH_standing_still_t002_full33.csv
ajh,AJH,standing_still,t003,3,quiet,train,True,True,True,True,csi_to_pose_ajh/csi/safe/posture/standing_still/AJH/AJH_standing_still_t003.csv,csi_to_pose_ajh/pose_gt_world/proxy_13/standing_still/AJH/AJH_standing_still_t003_proxy13.csv,csi_to_pose_ajh/pose_gt_world/full_33_landmarks/standing_still/AJH/AJH_standing_still_t003_full33.csv
ajh,AJH,standing_still,t004,4,quiet,train,True,True,True,True,csi_to_pose_ajh/csi/safe/posture/standing_still/AJH/AJH_standing_still_t004.csv,csi_to_pose_ajh/pose_gt_world/proxy_13/standing_still/AJH/AJH_standing_still_t004_proxy13.csv,csi_to_pose_ajh/pose_gt_world/full_33_landmarks/standing_still/AJH/AJH_standing_still_t004_full33.csv
ajh,AJH,standing_still,t005,5,quiet,train,True,True,True,True,csi_to_pose_ajh/csi/safe/posture/standing_still/AJH/AJH_standing_still_t005.csv,csi_to_pose_ajh/pose_gt_world/proxy_13/standing_still/AJH/AJH_standing_still_t005_proxy13.csv,csi_to_pose_ajh/pose_gt_world/full_33_landmarks/standing_still/AJH/AJH_standing_still_t005_full33.csv
ajh,AJH,standing_still,t006,6,quiet,val,True,True,True,True,csi_to_pose_ajh/csi/safe/posture/standing_still/AJH/AJH_standing_still_t006.csv,csi_to_pose_ajh/pose_gt_world/proxy_13/standing_still/AJH/AJH_standing_still_t006_proxy13.csv,csi_to_pose_ajh/pose_gt_world/full_33_landmarks/standing_still/AJH/AJH_standing_still_t006_full33.csv
ajh,AJH,standing_still,t007,7,quiet,test,True,True,True,True,csi_to_pose_ajh/csi/safe/posture/standing_still/AJH/AJH_standing_still_t007.csv,csi_to_pose_ajh/pose_gt_world/proxy_13/standing_still/AJH/AJH_standing_still_t007_proxy13.csv,csi_to_pose_ajh/pose_gt_world/full_33_landmarks/standing_still/AJH/AJH_standing_still_t007_full33.csv
ajh,AJH,standing_still,t008,8,aircon,train,True,True,True,True,csi_to_pose_ajh/csi/safe/posture/standing_still/AJH/AJH_standing_still_t008.csv,csi_to_pose_ajh/pose_gt_world/proxy_13/standing_still/AJH/AJH_standing_still_t008_proxy13.csv,csi_to_pose_ajh/pose_gt_world/full_33_landmarks/standing_still/AJH/AJH_standing_still_t008_full33.csv
ajh,AJH,standing_still,t009,9,aircon,train,True,True,True,True,csi_to_pose_ajh/csi/safe/posture/standing_still/AJH/AJH_standing_still_t009.csv,csi_to_pose_ajh/pose_gt_world/proxy_13/standing_still/AJH/AJH_standing_still_t009_proxy13.csv,csi_to_pose_ajh/pose_gt_world/full_33_landmarks/standing_still/AJH/AJH_standing_still_t009_full33.csv
ajh,AJH,standing_still,t010,10,aircon,train,True,True,True,True,csi_to_pose_ajh/csi/safe/posture/standing_still/AJH/AJH_standing_still_t010.csv,csi_to_pose_ajh/pose_gt_world/proxy_13/standing_still/AJH/AJH_standing_still_t010_proxy13.csv,csi_to_pose_ajh/pose_gt_world/full_33_landmarks/standing_still/AJH/AJH_standing_still_t010_full33.csv
ajh,AJH,standing_still,t011,11,aircon,train,True,True,True,True,csi_to_pose_ajh/csi/safe/posture/standing_still/AJH/AJH_standing_still_t011.csv,csi_to_pose_ajh/pose_gt_world/proxy_13/standing_still/AJH/AJH_standing_still_t011_proxy13.csv,csi_to_pose_ajh/pose_gt_world/full_33_landmarks/standing_still/AJH/AJH_standing_still_t011_full33.csv
ajh,AJH,standing_still,t012,12,aircon,val,True,True,True,True,csi_to_pose_ajh/csi/safe/posture/standing_still/AJH/AJH_standing_still_t012.csv,csi_to_pose_ajh/pose_gt_world/proxy_13/standing_still/AJH/AJH_standing_still_t012_proxy13.csv,csi_to_pose_ajh/pose_gt_world/full_33_landmarks/standing_still/AJH/AJH_standing_still_t012_full33.csv
ajh,AJH,standing_still,t013,13,aircon,test,True,True,True,True,csi_to_pose_ajh/csi/safe/posture/standing_still/AJH/AJH_standing_still_t013.csv,csi_to_pose_ajh/pose_gt_world/proxy_13/standing_still/AJH/AJH_standing_still_t013_proxy13.csv,csi_to_pose_ajh/pose_gt_world/full_33_landmarks/standing_still/AJH/AJH_standing_still_t013_full33.csv
ajh,AJH,standing_still,t014,14,tv,train,True,True,True,True,csi_to_pose_ajh/csi/safe/posture/standing_still/AJH/AJH_standing_still_t014.csv,csi_to_pose_ajh/pose_gt_world/proxy_13/standing_still/AJH/AJH_standing_still_t014_proxy13.csv,csi_to_pose_ajh/pose_gt_world/full_33_landmarks/standing_still/AJH/AJH_standing_still_t014_full33.csv
ajh,AJH,standing_still,t015,15,tv,train,True,True,True,True,csi_to_pose_ajh/csi/safe/posture/standing_still/AJH/AJH_standing_still_t015.csv,csi_to_pose_ajh/pose_gt_world/proxy_13/standing_still/AJH/AJH_standing_still_t015_proxy13.csv,csi_to_pose_ajh/pose_gt_world/full_33_landmarks/standing_still/AJH/AJH_standing_still_t015_full33.csv
ajh,AJH,standing_still,t016,16,tv,train,True,True,True,True,csi_to_pose_ajh/csi/safe/posture/standing_still/AJH/AJH_standing_still_t016.csv,csi_to_pose_ajh/pose_gt_world/proxy_13/standing_still/AJH/AJH_standing_still_t016_proxy13.csv,csi_to_pose_ajh/pose_gt_world/full_33_landmarks/standing_still/AJH/AJH_standing_still_t016_full33.csv
ajh,AJH,standing_still,t017,17,tv,train,True,True,True,True,csi_to_pose_ajh/csi/safe/posture/standing_still/AJH/AJH_standing_still_t017.csv,csi_to_pose_ajh/pose_gt_world/proxy_13/standing_still/AJH/AJH_standing_still_t017_proxy13.csv,csi_to_pose_ajh/pose_gt_world/full_33_landmarks/standing_still/AJH/AJH_standing_still_t017_full33.csv
ajh,AJH,standing_still,t018,18,tv,val,True,True,True,True,csi_to_pose_ajh/csi/safe/posture/standing_still/AJH/AJH_standing_still_t018.csv,csi_to_pose_ajh/pose_gt_world/proxy_13/standing_still/AJH/AJH_standing_still_t018_proxy13.csv,csi_to_pose_ajh/pose_gt_world/full_33_landmarks/standing_still/AJH/AJH_standing_still_t018_full33.csv
ajh,AJH,standing_still,t019,19,tv,test,True,True,True,True,csi_to_pose_ajh/csi/safe/posture/standing_still/AJH/AJH_standing_still_t019.csv,csi_to_pose_ajh/pose_gt_world/proxy_13/standing_still/AJH/AJH_standing_still_t019_proxy13.csv,csi_to_pose_ajh/pose_gt_world/full_33_landmarks/standing_still/AJH/AJH_standing_still_t019_full33.csv
ajh,AJH,standing_still,t020,20,music,train,True,True,True,True,csi_to_pose_ajh/csi/safe/posture/standing_still/AJH/AJH_standing_still_t020.csv,csi_to_pose_ajh/pose_gt_world/proxy_13/standing_still/AJH/AJH_standing_still_t020_proxy13.csv,csi_to_pose_ajh/pose_gt_world/full_33_landmarks/standing_still/AJH/AJH_standing_still_t020_full33.csv
ajh,AJH,standing_still,t021,21,music,train,True,True,True,True,csi_to_pose_ajh/csi/safe/posture/standing_still/AJH/AJH_standing_still_t021.csv,csi_to_pose_ajh/pose_gt_world/proxy_13/standing_still/AJH/AJH_standing_still_t021_proxy13.csv,csi_to_pose_ajh/pose_gt_world/full_33_landmarks/standing_still/AJH/AJH_standing_still_t021_full33.csv
ajh,AJH,standing_still,t022,22,music,train,True,True,True,True,csi_to_pose_ajh/csi/safe/posture/standing_still/AJH/AJH_standing_still_t022.csv,csi_to_pose_ajh/pose_gt_world/proxy_13/standing_still/AJH/AJH_standing_still_t022_proxy13.csv,csi_to_pose_ajh/pose_gt_world/full_33_landmarks/standing_still/AJH/AJH_standing_still_t022_full33.csv
ajh,AJH,standing_still,t023,23,music,train,True,True,True,True,csi_to_pose_ajh/csi/safe/posture/standing_still/AJH/AJH_standing_still_t023.csv,csi_to_pose_ajh/pose_gt_world/proxy_13/standing_still/AJH/AJH_standing_still_t023_proxy13.csv,csi_to_pose_ajh/pose_gt_world/full_33_landmarks/standing_still/AJH/AJH_standing_still_t023_full33.csv
ajh,AJH,standing_still,t024,24,music,val,True,True,True,True,csi_to_pose_ajh/csi/safe/posture/standing_still/AJH/AJH_standing_still_t024.csv,csi_to_pose_ajh/pose_gt_world/proxy_13/standing_still/AJH/AJH_standing_still_t024_proxy13.csv,csi_to_pose_ajh/pose_gt_world/full_33_landmarks/standing_still/AJH/AJH_standing_still_t024_full33.csv
ajh,AJH,standing_still,t025,25,music,test,True,True,True,True,csi_to_pose_ajh/csi/safe/posture/standing_still/AJH/AJH_standing_still_t025.csv,csi_to_pose_ajh/pose_gt_world/proxy_13/standing_still/AJH/AJH_standing_still_t025_proxy13.csv,csi_to_pose_ajh/pose_gt_world/full_33_landmarks/standing_still/AJH/AJH_standing_still_t025_full33.csv
ajh,AJH,sitting_still,t001,1,quiet,train,True,True,True,True,csi_to_pose_ajh/csi/safe/posture/sitting_still/AJH/AJH_sitting_still_t001.csv,csi_to_pose_ajh/pose_gt_world/proxy_13/sitting_still/AJH/AJH_sitting_still_t001_proxy13.csv,csi_to_pose_ajh/pose_gt_world/full_33_landmarks/sitting_still/AJH/AJH_sitting_still_t001_full33.csv
ajh,AJH,sitting_still,t002,2,quiet,train,True,True,True,True,csi_to_pose_ajh/csi/safe/posture/sitting_still/AJH/AJH_sitting_still_t002.csv,csi_to_pose_ajh/pose_gt_world/proxy_13/sitting_still/AJH/AJH_sitting_still_t002_proxy13.csv,csi_to_pose_ajh/pose_gt_world/full_33_landmarks/sitting_still/AJH/AJH_sitting_still_t002_full33.csv
ajh,AJH,sitting_still,t003,3,quiet,train,True,True,True,True,csi_to_pose_ajh/csi/safe/posture/sitting_still/AJH/AJH_sitting_still_t003.csv,csi_to_pose_ajh/pose_gt_world/proxy_13/sitting_still/AJH/AJH_sitting_still_t003_proxy13.csv,csi_to_pose_ajh/pose_gt_world/full_33_landmarks/sitting_still/AJH/AJH_sitting_still_t003_full33.csv
ajh,AJH,sitting_still,t004,4,quiet,train,True,True,True,True,csi_to_pose_ajh/csi/safe/posture/sitting_still/AJH/AJH_sitting_still_t004.csv,csi_to_pose_ajh/pose_gt_world/proxy_13/sitting_still/AJH/AJH_sitting_still_t004_proxy13.csv,csi_to_pose_ajh/pose_gt_world/full_33_landmarks/sitting_still/AJH/AJH_sitting_still_t004_full33.csv
ajh,AJH,sitting_still,t005,5,quiet,train,True,True,True,True,csi_to_pose_ajh/csi/safe/posture/sitting_still/AJH/AJH_sitting_still_t005.csv,csi_to_pose_ajh/pose_gt_world/proxy_13/sitting_still/AJH/AJH_sitting_still_t005_proxy13.csv,csi_to_pose_ajh/pose_gt_world/full_33_landmarks/sitting_still/AJH/AJH_sitting_still_t005_full33.csv
ajh,AJH,sitting_still,t006,6,quiet,val,True,True,True,True,csi_to_pose_ajh/csi/safe/posture/sitting_still/AJH/AJH_sitting_still_t006.csv,csi_to_pose_ajh/pose_gt_world/proxy_13/sitting_still/AJH/AJH_sitting_still_t006_proxy13.csv,csi_to_pose_ajh/pose_gt_world/full_33_landmarks/sitting_still/AJH/AJH_sitting_still_t006_full33.csv
ajh,AJH,sitting_still,t007,7,quiet,test,True,True,True,True,csi_to_pose_ajh/csi/safe/posture/sitting_still/AJH/AJH_sitting_still_t007.csv,csi_to_pose_ajh/pose_gt_world/proxy_13/sitting_still/AJH/AJH_sitting_still_t007_proxy13.csv,csi_to_pose_ajh/pose_gt_world/full_33_landmarks/sitting_still/AJH/AJH_sitting_still_t007_full33.csv
ajh,AJH,sitting_still,t008,8,aircon,train,True,True,True,True,csi_to_pose_ajh/csi/safe/posture/sitting_still/AJH/AJH_sitting_still_t008.csv,csi_to_pose_ajh/pose_gt_world/proxy_13/sitting_still/AJH/AJH_sitting_still_t008_proxy13.csv,csi_to_pose_ajh/pose_gt_world/full_33_landmarks/sitting_still/AJH/AJH_sitting_still_t008_full33.csv
ajh,AJH,sitting_still,t009,9,aircon,train,True,True,True,True,csi_to_pose_ajh/csi/safe/posture/sitting_still/AJH/AJH_sitting_still_t009.csv,csi_to_pose_ajh/pose_gt_world/proxy_13/sitting_still/AJH/AJH_sitting_still_t009_proxy13.csv,csi_to_pose_ajh/pose_gt_world/full_33_landmarks/sitting_still/AJH/AJH_sitting_still_t009_full33.csv
ajh,AJH,sitting_still,t010,10,aircon,train,True,True,True,True,csi_to_pose_ajh/csi/safe/posture/sitting_still/AJH/AJH_sitting_still_t010.csv,csi_to_pose_ajh/pose_gt_world/proxy_13/sitting_still/AJH/AJH_sitting_still_t010_proxy13.csv,csi_to_pose_ajh/pose_gt_world/full_33_landmarks/sitting_still/AJH/AJH_sitting_still_t010_full33.csv
ajh,AJH,sitting_still,t011,11,aircon,train,True,True,True,True,csi_to_pose_ajh/csi/safe/posture/sitting_still/AJH/AJH_sitting_still_t011.csv,csi_to_pose_ajh/pose_gt_world/proxy_13/sitting_still/AJH/AJH_sitting_still_t011_proxy13.csv,csi_to_pose_ajh/pose_gt_world/full_33_landmarks/sitting_still/AJH/AJH_sitting_still_t011_full33.csv
ajh,AJH,sitting_still,t012,12,aircon,val,True,True,True,True,csi_to_pose_ajh/csi/safe/posture/sitting_still/AJH/AJH_sitting_still_t012.csv,csi_to_pose_ajh/pose_gt_world/proxy_13/sitting_still/AJH/AJH_sitting_still_t012_proxy13.csv,csi_to_pose_ajh/pose_gt_world/full_33_landmarks/sitting_still/AJH/AJH_sitting_still_t012_full33.csv
ajh,AJH,sitting_still,t013,13,aircon,test,True,True,True,True,csi_to_pose_ajh/csi/safe/posture/sitting_still/AJH/AJH_sitting_still_t013.csv,csi_to_pose_ajh/pose_gt_world/proxy_13/sitting_still/AJH/AJH_sitting_still_t013_proxy13.csv,csi_to_pose_ajh/pose_gt_world/full_33_landmarks/sitting_still/AJH/AJH_sitting_still_t013_full33.csv
ajh,AJH,sitting_still,t014,14,tv,train,True,True,True,True,csi_to_pose_ajh/csi/safe/posture/sitting_still/AJH/AJH_sitting_still_t014.csv,csi_to_pose_ajh/pose_gt_world/proxy_13/sitting_still/AJH/AJH_sitting_still_t014_proxy13.csv,csi_to_pose_ajh/pose_gt_world/full_33_landmarks/sitting_still/AJH/AJH_sitting_still_t014_full33.csv
ajh,AJH,sitting_still,t015,15,tv,train,True,True,True,True,csi_to_pose_ajh/csi/safe/posture/sitting_still/AJH/AJH_sitting_still_t015.csv,csi_to_pose_ajh/pose_gt_world/proxy_13/sitting_still/AJH/AJH_sitting_still_t015_proxy13.csv,csi_to_pose_ajh/pose_gt_world/full_33_landmarks/sitting_still/AJH/AJH_sitting_still_t015_full33.csv
ajh,AJH,sitting_still,t016,16,tv,train,True,True,True,True,csi_to_pose_ajh/csi/safe/posture/sitting_still/AJH/AJH_sitting_still_t016.csv,csi_to_pose_ajh/pose_gt_world/proxy_13/sitting_still/AJH/AJH_sitting_still_t016_proxy13.csv,csi_to_pose_ajh/pose_gt_world/full_33_landmarks/sitting_still/AJH/AJH_sitting_still_t016_full33.csv
ajh,AJH,sitting_still,t017,17,tv,train,True,True,True,True,csi_to_pose_ajh/csi/safe/posture/sitting_still/AJH/AJH_sitting_still_t017.csv,csi_to_pose_ajh/pose_gt_world/proxy_13/sitting_still/AJH/AJH_sitting_still_t017_proxy13.csv,csi_to_pose_ajh/pose_gt_world/full_33_landmarks/sitting_still/AJH/AJH_sitting_still_t017_full33.csv
ajh,AJH,sitting_still,t018,18,tv,val,True,True,True,True,csi_to_pose_ajh/csi/safe/posture/sitting_still/AJH/AJH_sitting_still_t018.csv,csi_to_pose_ajh/pose_gt_world/proxy_13/sitting_still/AJH/AJH_sitting_still_t018_proxy13.csv,csi_to_pose_ajh/pose_gt_world/full_33_landmarks/sitting_still/AJH/AJH_sitting_still_t018_full33.csv
ajh,AJH,sitting_still,t019,19,tv,test,True,True,True,True,csi_to_pose_ajh/csi/safe/posture/sitting_still/AJH/AJH_sitting_still_t019.csv,csi_to_pose_ajh/pose_gt_world/proxy_13/sitting_still/AJH/AJH_sitting_still_t019_proxy13.csv,csi_to_pose_ajh/pose_gt_world/full_33_landmarks/sitting_still/AJH/AJH_sitting_still_t019_full33.csv
ajh,AJH,sitting_still,t020,20,music,train,True,True,True,True,csi_to_pose_ajh/csi/safe/posture/sitting_still/AJH/AJH_sitting_still_t020.csv,csi_to_pose_ajh/pose_gt_world/proxy_13/sitting_still/AJH/AJH_sitting_still_t020_proxy13.csv,csi_to_pose_ajh/pose_gt_world/full_33_landmarks/sitting_still/AJH/AJH_sitting_still_t020_full33.csv
ajh,AJH,sitting_still,t021,21,music,train,True,True,True,True,csi_to_pose_ajh/csi/safe/posture/sitting_still/AJH/AJH_sitting_still_t021.csv,csi_to_pose_ajh/pose_gt_world/proxy_13/sitting_still/AJH/AJH_sitting_still_t021_proxy13.csv,csi_to_pose_ajh/pose_gt_world/full_33_landmarks/sitting_still/AJH/AJH_sitting_still_t021_full33.csv
ajh,AJH,sitting_still,t022,22,music,train,True,True,True,True,csi_to_pose_ajh/csi/safe/posture/sitting_still/AJH/AJH_sitting_still_t022.csv,csi_to_pose_ajh/pose_gt_world/proxy_13/sitting_still/AJH/AJH_sitting_still_t022_proxy13.csv,csi_to_pose_ajh/pose_gt_world/full_33_landmarks/sitting_still/AJH/AJH_sitting_still_t022_full33.csv
ajh,AJH,sitting_still,t023,23,music,train,True,True,True,True,csi_to_pose_ajh/csi/safe/posture/sitting_still/AJH/AJH_sitting_still_t023.csv,csi_to_pose_ajh/pose_gt_world/proxy_13/sitting_still/AJH/AJH_sitting_still_t023_proxy13.csv,csi_to_pose_ajh/pose_gt_world/full_33_landmarks/sitting_still/AJH/AJH_sitting_still_t023_full33.csv
ajh,AJH,sitting_still,t024,24,music,val,True,True,True,True,csi_to_pose_ajh/csi/safe/posture/sitting_still/AJH/AJH_sitting_still_t024.csv,csi_to_pose_ajh/pose_gt_world/proxy_13/sitting_still/AJH/AJH_sitting_still_t024_proxy13.csv,csi_to_pose_ajh/pose_gt_world/full_33_landmarks/sitting_still/AJH/AJH_sitting_still_t024_full33.csv
ajh,AJH,sitting_still,t025,25,music,test,True,True,True,True,csi_to_pose_ajh/csi/safe/posture/sitting_still/AJH/AJH_sitting_still_t025.csv,csi_to_pose_ajh/pose_gt_world/proxy_13/sitting_still/AJH/AJH_sitting_still_t025_proxy13.csv,csi_to_pose_ajh/pose_gt_world/full_33_landmarks/sitting_still/AJH/AJH_sitting_still_t025_full33.csv
ajh,AJH,lying_still,t001,1,quiet,train,True,True,True,True,csi_to_pose_ajh/csi/safe/posture/lying_still/AJH/AJH_lying_still_t001.csv,csi_to_pose_ajh/pose_gt_world/proxy_13/lying_still/AJH/AJH_lying_still_t001_proxy13.csv,csi_to_pose_ajh/pose_gt_world/full_33_landmarks/lying_still/AJH/AJH_lying_still_t001_full33.csv
ajh,AJH,lying_still,t002,2,quiet,train,True,True,True,True,csi_to_pose_ajh/csi/safe/posture/lying_still/AJH/AJH_lying_still_t002.csv,csi_to_pose_ajh/pose_gt_world/proxy_13/lying_still/AJH/AJH_lying_still_t002_proxy13.csv,csi_to_pose_ajh/pose_gt_world/full_33_landmarks/lying_still/AJH/AJH_lying_still_t002_full33.csv
ajh,AJH,lying_still,t003,3,quiet,train,True,True,True,True,csi_to_pose_ajh/csi/safe/posture/lying_still/AJH/AJH_lying_still_t003.csv,csi_to_pose_ajh/pose_gt_world/proxy_13/lying_still/AJH/AJH_lying_still_t003_proxy13.csv,csi_to_pose_ajh/pose_gt_world/full_33_landmarks/lying_still/AJH/AJH_lying_still_t003_full33.csv
ajh,AJH,lying_still,t004,4,quiet,train,True,True,True,True,csi_to_pose_ajh/csi/safe/posture/lying_still/AJH/AJH_lying_still_t004.csv,csi_to_pose_ajh/pose_gt_world/proxy_13/lying_still/AJH/AJH_lying_still_t004_proxy13.csv,csi_to_pose_ajh/pose_gt_world/full_33_landmarks/lying_still/AJH/AJH_lying_still_t004_full33.csv
ajh,AJH,lying_still,t005,5,quiet,train,True,True,True,True,csi_to_pose_ajh/csi/safe/posture/lying_still/AJH/AJH_lying_still_t005.csv,csi_to_pose_ajh/pose_gt_world/proxy_13/lying_still/AJH/AJH_lying_still_t005_proxy13.csv,csi_to_pose_ajh/pose_gt_world/full_33_landmarks/lying_still/AJH/AJH_lying_still_t005_full33.csv
ajh,AJH,lying_still,t006,6,quiet,val,True,True,True,True,csi_to_pose_ajh/csi/safe/posture/lying_still/AJH/AJH_lying_still_t006.csv,csi_to_pose_ajh/pose_gt_world/proxy_13/lying_still/AJH/AJH_lying_still_t006_proxy13.csv,csi_to_pose_ajh/pose_gt_world/full_33_landmarks/lying_still/AJH/AJH_lying_still_t006_full33.csv
ajh,AJH,lying_still,t007,7,quiet,test,True,True,True,True,csi_to_pose_ajh/csi/safe/posture/lying_still/AJH/AJH_lying_still_t007.csv,csi_to_pose_ajh/pose_gt_world/proxy_13/lying_still/AJH/AJH_lying_still_t007_proxy13.csv,csi_to_pose_ajh/pose_gt_world/full_33_landmarks/lying_still/AJH/AJH_lying_still_t007_full33.csv
ajh,AJH,lying_still,t008,8,aircon,train,True,True,True,True,csi_to_pose_ajh/csi/safe/posture/lying_still/AJH/AJH_lying_still_t008.csv,csi_to_pose_ajh/pose_gt_world/proxy_13/lying_still/AJH/AJH_lying_still_t008_proxy13.csv,csi_to_pose_ajh/pose_gt_world/full_33_landmarks/lying_still/AJH/AJH_lying_still_t008_full33.csv
ajh,AJH,lying_still,t009,9,aircon,train,True,True,True,True,csi_to_pose_ajh/csi/safe/posture/lying_still/AJH/AJH_lying_still_t009.csv,csi_to_pose_ajh/pose_gt_world/proxy_13/lying_still/AJH/AJH_lying_still_t009_proxy13.csv,csi_to_pose_ajh/pose_gt_world/full_33_landmarks/lying_still/AJH/AJH_lying_still_t009_full33.csv
ajh,AJH,lying_still,t010,10,aircon,train,True,True,True,True,csi_to_pose_ajh/csi/safe/posture/lying_still/AJH/AJH_lying_still_t010.csv,csi_to_pose_ajh/pose_gt_world/proxy_13/lying_still/AJH/AJH_lying_still_t010_proxy13.csv,csi_to_pose_ajh/pose_gt_world/full_33_landmarks/lying_still/AJH/AJH_lying_still_t010_full33.csv
ajh,AJH,lying_still,t011,11,aircon,train,True,True,True,True,csi_to_pose_ajh/csi/safe/posture/lying_still/AJH/AJH_lying_still_t011.csv,csi_to_pose_ajh/pose_gt_world/proxy_13/lying_still/AJH/AJH_lying_still_t011_proxy13.csv,csi_to_pose_ajh/pose_gt_world/full_33_landmarks/lying_still/AJH/AJH_lying_still_t011_full33.csv
ajh,AJH,lying_still,t012,12,aircon,val,True,True,True,True,csi_to_pose_ajh/csi/safe/posture/lying_still/AJH/AJH_lying_still_t012.csv,csi_to_pose_ajh/pose_gt_world/proxy_13/lying_still/AJH/AJH_lying_still_t012_proxy13.csv,csi_to_pose_ajh/pose_gt_world/full_33_landmarks/lying_still/AJH/AJH_lying_still_t012_full33.csv
ajh,AJH,lying_still,t013,13,aircon,test,True,True,True,True,csi_to_pose_ajh/csi/safe/posture/lying_still/AJH/AJH_lying_still_t013.csv,csi_to_pose_ajh/pose_gt_world/proxy_13/lying_still/AJH/AJH_lying_still_t013_proxy13.csv,csi_to_pose_ajh/pose_gt_world/full_33_landmarks/lying_still/AJH/AJH_lying_still_t013_full33.csv
ajh,AJH,lying_still,t014,14,tv,train,True,True,True,True,csi_to_pose_ajh/csi/safe/posture/lying_still/AJH/AJH_lying_still_t014.csv,csi_to_pose_ajh/pose_gt_world/proxy_13/lying_still/AJH/AJH_lying_still_t014_proxy13.csv,csi_to_pose_ajh/pose_gt_world/full_33_landmarks/lying_still/AJH/AJH_lying_still_t014_full33.csv
ajh,AJH,lying_still,t015,15,tv,train,True,True,True,True,csi_to_pose_ajh/csi/safe/posture/lying_still/AJH/AJH_lying_still_t015.csv,csi_to_pose_ajh/pose_gt_world/proxy_13/lying_still/AJH/AJH_lying_still_t015_proxy13.csv,csi_to_pose_ajh/pose_gt_world/full_33_landmarks/lying_still/AJH/AJH_lying_still_t015_full33.csv
ajh,AJH,lying_still,t016,16,tv,train,True,True,True,True,csi_to_pose_ajh/csi/safe/posture/lying_still/AJH/AJH_lying_still_t016.csv,csi_to_pose_ajh/pose_gt_world/proxy_13/lying_still/AJH/AJH_lying_still_t016_proxy13.csv,csi_to_pose_ajh/pose_gt_world/full_33_landmarks/lying_still/AJH/AJH_lying_still_t016_full33.csv
ajh,AJH,lying_still,t017,17,tv,train,True,True,True,True,csi_to_pose_ajh/csi/safe/posture/lying_still/AJH/AJH_lying_still_t017.csv,csi_to_pose_ajh/pose_gt_world/proxy_13/lying_still/AJH/AJH_lying_still_t017_proxy13.csv,csi_to_pose_ajh/pose_gt_world/full_33_landmarks/lying_still/AJH/AJH_lying_still_t017_full33.csv
ajh,AJH,lying_still,t018,18,tv,val,True,True,True,True,csi_to_pose_ajh/csi/safe/posture/lying_still/AJH/AJH_lying_still_t018.csv,csi_to_pose_ajh/pose_gt_world/proxy_13/lying_still/AJH/AJH_lying_still_t018_proxy13.csv,csi_to_pose_ajh/pose_gt_world/full_33_landmarks/lying_still/AJH/AJH_lying_still_t018_full33.csv
ajh,AJH,lying_still,t019,19,tv,test,True,True,True,True,csi_to_pose_ajh/csi/safe/posture/lying_still/AJH/AJH_lying_still_t019.csv,csi_to_pose_ajh/pose_gt_world/proxy_13/lying_still/AJH/AJH_lying_still_t019_proxy13.csv,csi_to_pose_ajh/pose_gt_world/full_33_landmarks/lying_still/AJH/AJH_lying_still_t019_full33.csv
ajh,AJH,lying_still,t020,20,music,train,True,True,True,True,csi_to_pose_ajh/csi/safe/posture/lying_still/AJH/AJH_lying_still_t020.csv,csi_to_pose_ajh/pose_gt_world/proxy_13/lying_still/AJH/AJH_lying_still_t020_proxy13.csv,csi_to_pose_ajh/pose_gt_world/full_33_landmarks/lying_still/AJH/AJH_lying_still_t020_full33.csv
ajh,AJH,lying_still,t021,21,music,train,True,True,True,True,csi_to_pose_ajh/csi/safe/posture/lying_still/AJH/AJH_lying_still_t021.csv,csi_to_pose_ajh/pose_gt_world/proxy_13/lying_still/AJH/AJH_lying_still_t021_proxy13.csv,csi_to_pose_ajh/pose_gt_world/full_33_landmarks/lying_still/AJH/AJH_lying_still_t021_full33.csv
ajh,AJH,lying_still,t022,22,music,train,True,True,True,True,csi_to_pose_ajh/csi/safe/posture/lying_still/AJH/AJH_lying_still_t022.csv,csi_to_pose_ajh/pose_gt_world/proxy_13/lying_still/AJH/AJH_lying_still_t022_proxy13.csv,csi_to_pose_ajh/pose_gt_world/full_33_landmarks/lying_still/AJH/AJH_lying_still_t022_full33.csv
ajh,AJH,lying_still,t023,23,music,train,True,True,True,True,csi_to_pose_ajh/csi/safe/posture/lying_still/AJH/AJH_lying_still_t023.csv,csi_to_pose_ajh/pose_gt_world/proxy_13/lying_still/AJH/AJH_lying_still_t023_proxy13.csv,csi_to_pose_ajh/pose_gt_world/full_33_landmarks/lying_still/AJH/AJH_lying_still_t023_full33.csv
ajh,AJH,lying_still,t024,24,music,val,True,True,True,True,csi_to_pose_ajh/csi/safe/posture/lying_still/AJH/AJH_lying_still_t024.csv,csi_to_pose_ajh/pose_gt_world/proxy_13/lying_still/AJH/AJH_lying_still_t024_proxy13.csv,csi_to_pose_ajh/pose_gt_world/full_33_landmarks/lying_still/AJH/AJH_lying_still_t024_full33.csv
ajh,AJH,lying_still,t025,25,music,test,True,True,True,True,csi_to_pose_ajh/csi/safe/posture/lying_still/AJH/AJH_lying_still_t025.csv,csi_to_pose_ajh/pose_gt_world/proxy_13/lying_still/AJH/AJH_lying_still_t025_proxy13.csv,csi_to_pose_ajh/pose_gt_world/full_33_landmarks/lying_still/AJH/AJH_lying_still_t025_full33.csv
ajh,AJH,walking,t001,1,quiet,train,True,True,True,True,csi_to_pose_ajh/csi/safe/motion/walking/AJH/AJH_walking_t001.csv,csi_to_pose_ajh/pose_gt_world/proxy_13/walking/AJH/AJH_walking_t001_proxy13.csv,csi_to_pose_ajh/pose_gt_world/full_33_landmarks/walking/AJH/AJH_walking_t001_full33.csv
ajh,AJH,walking,t002,2,quiet,train,True,True,True,True,csi_to_pose_ajh/csi/safe/motion/walking/AJH/AJH_walking_t002.csv,csi_to_pose_ajh/pose_gt_world/proxy_13/walking/AJH/AJH_walking_t002_proxy13.csv,csi_to_pose_ajh/pose_gt_world/full_33_landmarks/walking/AJH/AJH_walking_t002_full33.csv
ajh,AJH,walking,t003,3,quiet,train,True,True,True,True,csi_to_pose_ajh/csi/safe/motion/walking/AJH/AJH_walking_t003.csv,csi_to_pose_ajh/pose_gt_world/proxy_13/walking/AJH/AJH_walking_t003_proxy13.csv,csi_to_pose_ajh/pose_gt_world/full_33_landmarks/walking/AJH/AJH_walking_t003_full33.csv
ajh,AJH,walking,t004,4,quiet,train,True,True,True,True,csi_to_pose_ajh/csi/safe/motion/walking/AJH/AJH_walking_t004.csv,csi_to_pose_ajh/pose_gt_world/proxy_13/walking/AJH/AJH_walking_t004_proxy13.csv,csi_to_pose_ajh/pose_gt_world/full_33_landmarks/walking/AJH/AJH_walking_t004_full33.csv
ajh,AJH,walking,t005,5,quiet,train,True,True,True,True,csi_to_pose_ajh/csi/safe/motion/walking/AJH/AJH_walking_t005.csv,csi_to_pose_ajh/pose_gt_world/proxy_13/walking/AJH/AJH_walking_t005_proxy13.csv,csi_to_pose_ajh/pose_gt_world/full_33_landmarks/walking/AJH/AJH_walking_t005_full33.csv
ajh,AJH,walking,t006,6,quiet,val,True,True,True,True,csi_to_pose_ajh/csi/safe/motion/walking/AJH/AJH_walking_t006.csv,csi_to_pose_ajh/pose_gt_world/proxy_13/walking/AJH/AJH_walking_t006_proxy13.csv,csi_to_pose_ajh/pose_gt_world/full_33_landmarks/walking/AJH/AJH_walking_t006_full33.csv
ajh,AJH,walking,t007,7,quiet,test,True,True,True,True,csi_to_pose_ajh/csi/safe/motion/walking/AJH/AJH_walking_t007.csv,csi_to_pose_ajh/pose_gt_world/proxy_13/walking/AJH/AJH_walking_t007_proxy13.csv,csi_to_pose_ajh/pose_gt_world/full_33_landmarks/walking/AJH/AJH_walking_t007_full33.csv
ajh,AJH,walking,t008,8,aircon,train,True,True,True,True,csi_to_pose_ajh/csi/safe/motion/walking/AJH/AJH_walking_t008.csv,csi_to_pose_ajh/pose_gt_world/proxy_13/walking/AJH/AJH_walking_t008_proxy13.csv,csi_to_pose_ajh/pose_gt_world/full_33_landmarks/walking/AJH/AJH_walking_t008_full33.csv
ajh,AJH,walking,t009,9,aircon,train,True,True,True,True,csi_to_pose_ajh/csi/safe/motion/walking/AJH/AJH_walking_t009.csv,csi_to_pose_ajh/pose_gt_world/proxy_13/walking/AJH/AJH_walking_t009_proxy13.csv,csi_to_pose_ajh/pose_gt_world/full_33_landmarks/walking/AJH/AJH_walking_t009_full33.csv
ajh,AJH,walking,t010,10,aircon,train,True,True,True,True,csi_to_pose_ajh/csi/safe/motion/walking/AJH/AJH_walking_t010.csv,csi_to_pose_ajh/pose_gt_world/proxy_13/walking/AJH/AJH_walking_t010_proxy13.csv,csi_to_pose_ajh/pose_gt_world/full_33_landmarks/walking/AJH/AJH_walking_t010_full33.csv
ajh,AJH,walking,t011,11,aircon,train,True,True,True,True,csi_to_pose_ajh/csi/safe/motion/walking/AJH/AJH_walking_t011.csv,csi_to_pose_ajh/pose_gt_world/proxy_13/walking/AJH/AJH_walking_t011_proxy13.csv,csi_to_pose_ajh/pose_gt_world/full_33_landmarks/walking/AJH/AJH_walking_t011_full33.csv
ajh,AJH,walking,t012,12,aircon,val,True,True,True,True,csi_to_pose_ajh/csi/safe/motion/walking/AJH/AJH_walking_t012.csv,csi_to_pose_ajh/pose_gt_world/proxy_13/walking/AJH/AJH_walking_t012_proxy13.csv,csi_to_pose_ajh/pose_gt_world/full_33_landmarks/walking/AJH/AJH_walking_t012_full33.csv
ajh,AJH,walking,t013,13,aircon,test,True,True,True,True,csi_to_pose_ajh/csi/safe/motion/walking/AJH/AJH_walking_t013.csv,csi_to_pose_ajh/pose_gt_world/proxy_13/walking/AJH/AJH_walking_t013_proxy13.csv,csi_to_pose_ajh/pose_gt_world/full_33_landmarks/walking/AJH/AJH_walking_t013_full33.csv
ajh,AJH,walking,t014,14,tv,train,True,True,True,True,csi_to_pose_ajh/csi/safe/motion/walking/AJH/AJH_walking_t014.csv,csi_to_pose_ajh/pose_gt_world/proxy_13/walking/AJH/AJH_walking_t014_proxy13.csv,csi_to_pose_ajh/pose_gt_world/full_33_landmarks/walking/AJH/AJH_walking_t014_full33.csv
ajh,AJH,walking,t015,15,tv,train,True,True,True,True,csi_to_pose_ajh/csi/safe/motion/walking/AJH/AJH_walking_t015.csv,csi_to_pose_ajh/pose_gt_world/proxy_13/walking/AJH/AJH_walking_t015_proxy13.csv,csi_to_pose_ajh/pose_gt_world/full_33_landmarks/walking/AJH/AJH_walking_t015_full33.csv
ajh,AJH,walking,t016,16,tv,train,True,True,True,True,csi_to_pose_ajh/csi/safe/motion/walking/AJH/AJH_walking_t016.csv,csi_to_pose_ajh/pose_gt_world/proxy_13/walking/AJH/AJH_walking_t016_proxy13.csv,csi_to_pose_ajh/pose_gt_world/full_33_landmarks/walking/AJH/AJH_walking_t016_full33.csv
ajh,AJH,walking,t017,17,tv,train,True,True,True,True,csi_to_pose_ajh/csi/safe/motion/walking/AJH/AJH_walking_t017.csv,csi_to_pose_ajh/pose_gt_world/proxy_13/walking/AJH/AJH_walking_t017_proxy13.csv,csi_to_pose_ajh/pose_gt_world/full_33_landmarks/walking/AJH/AJH_walking_t017_full33.csv
ajh,AJH,walking,t018,18,tv,val,True,True,True,True,csi_to_pose_ajh/csi/safe/motion/walking/AJH/AJH_walking_t018.csv,csi_to_pose_ajh/pose_gt_world/proxy_13/walking/AJH/AJH_walking_t018_proxy13.csv,csi_to_pose_ajh/pose_gt_world/full_33_landmarks/walking/AJH/AJH_walking_t018_full33.csv
ajh,AJH,walking,t019,19,tv,test,True,True,True,True,csi_to_pose_ajh/csi/safe/motion/walking/AJH/AJH_walking_t019.csv,csi_to_pose_ajh/pose_gt_world/proxy_13/walking/AJH/AJH_walking_t019_proxy13.csv,csi_to_pose_ajh/pose_gt_world/full_33_landmarks/walking/AJH/AJH_walking_t019_full33.csv
ajh,AJH,walking,t020,20,music,train,True,True,True,True,csi_to_pose_ajh/csi/safe/motion/walking/AJH/AJH_walking_t020.csv,csi_to_pose_ajh/pose_gt_world/proxy_13/walking/AJH/AJH_walking_t020_proxy13.csv,csi_to_pose_ajh/pose_gt_world/full_33_landmarks/walking/AJH/AJH_walking_t020_full33.csv
ajh,AJH,walking,t021,21,music,train,True,True,True,True,csi_to_pose_ajh/csi/safe/motion/walking/AJH/AJH_walking_t021.csv,csi_to_pose_ajh/pose_gt_world/proxy_13/walking/AJH/AJH_walking_t021_proxy13.csv,csi_to_pose_ajh/pose_gt_world/full_33_landmarks/walking/AJH/AJH_walking_t021_full33.csv
ajh,AJH,walking,t022,22,music,train,True,True,True,True,csi_to_pose_ajh/csi/safe/motion/walking/AJH/AJH_walking_t022.csv,csi_to_pose_ajh/pose_gt_world/proxy_13/walking/AJH/AJH_walking_t022_proxy13.csv,csi_to_pose_ajh/pose_gt_world/full_33_landmarks/walking/AJH/AJH_walking_t022_full33.csv
ajh,AJH,walking,t023,23,music,train,True,True,True,True,csi_to_pose_ajh/csi/safe/motion/walking/AJH/AJH_walking_t023.csv,csi_to_pose_ajh/pose_gt_world/proxy_13/walking/AJH/AJH_walking_t023_proxy13.csv,csi_to_pose_ajh/pose_gt_world/full_33_landmarks/walking/AJH/AJH_walking_t023_full33.csv
ajh,AJH,walking,t024,24,music,val,True,True,True,True,csi_to_pose_ajh/csi/safe/motion/walking/AJH/AJH_walking_t024.csv,csi_to_pose_ajh/pose_gt_world/proxy_13/walking/AJH/AJH_walking_t024_proxy13.csv,csi_to_pose_ajh/pose_gt_world/full_33_landmarks/walking/AJH/AJH_walking_t024_full33.csv
ajh,AJH,walking,t025,25,music,test,True,True,True,True,csi_to_pose_ajh/csi/safe/motion/walking/AJH/AJH_walking_t025.csv,csi_to_pose_ajh/pose_gt_world/proxy_13/walking/AJH/AJH_walking_t025_proxy13.csv,csi_to_pose_ajh/pose_gt_world/full_33_landmarks/walking/AJH/AJH_walking_t025_full33.csv
ajh,AJH,sit_to_stand,t001,1,quiet,train,True,True,True,True,csi_to_pose_ajh/csi/safe/transition/sit_to_stand/AJH/AJH_sit_to_stand_t001.csv,csi_to_pose_ajh/pose_gt_world/proxy_13/sit_to_stand/AJH/AJH_sit_to_stand_t001_proxy13.csv,csi_to_pose_ajh/pose_gt_world/full_33_landmarks/sit_to_stand/AJH/AJH_sit_to_stand_t001_full33.csv
ajh,AJH,sit_to_stand,t002,2,quiet,train,True,True,True,True,csi_to_pose_ajh/csi/safe/transition/sit_to_stand/AJH/AJH_sit_to_stand_t002.csv,csi_to_pose_ajh/pose_gt_world/proxy_13/sit_to_stand/AJH/AJH_sit_to_stand_t002_proxy13.csv,csi_to_pose_ajh/pose_gt_world/full_33_landmarks/sit_to_stand/AJH/AJH_sit_to_stand_t002_full33.csv
ajh,AJH,sit_to_stand,t003,3,quiet,train,True,True,True,True,csi_to_pose_ajh/csi/safe/transition/sit_to_stand/AJH/AJH_sit_to_stand_t003.csv,csi_to_pose_ajh/pose_gt_world/proxy_13/sit_to_stand/AJH/AJH_sit_to_stand_t003_proxy13.csv,csi_to_pose_ajh/pose_gt_world/full_33_landmarks/sit_to_stand/AJH/AJH_sit_to_stand_t003_full33.csv
ajh,AJH,sit_to_stand,t004,4,quiet,train,True,True,True,True,csi_to_pose_ajh/csi/safe/transition/sit_to_stand/AJH/AJH_sit_to_stand_t004.csv,csi_to_pose_ajh/pose_gt_world/proxy_13/sit_to_stand/AJH/AJH_sit_to_stand_t004_proxy13.csv,csi_to_pose_ajh/pose_gt_world/full_33_landmarks/sit_to_stand/AJH/AJH_sit_to_stand_t004_full33.csv
ajh,AJH,sit_to_stand,t005,5,quiet,train,True,True,True,True,csi_to_pose_ajh/csi/safe/transition/sit_to_stand/AJH/AJH_sit_to_stand_t005.csv,csi_to_pose_ajh/pose_gt_world/proxy_13/sit_to_stand/AJH/AJH_sit_to_stand_t005_proxy13.csv,csi_to_pose_ajh/pose_gt_world/full_33_landmarks/sit_to_stand/AJH/AJH_sit_to_stand_t005_full33.csv
ajh,AJH,sit_to_stand,t006,6,quiet,val,True,True,True,True,csi_to_pose_ajh/csi/safe/transition/sit_to_stand/AJH/AJH_sit_to_stand_t006.csv,csi_to_pose_ajh/pose_gt_world/proxy_13/sit_to_stand/AJH/AJH_sit_to_stand_t006_proxy13.csv,csi_to_pose_ajh/pose_gt_world/full_33_landmarks/sit_to_stand/AJH/AJH_sit_to_stand_t006_full33.csv
ajh,AJH,sit_to_stand,t007,7,quiet,test,True,True,True,True,csi_to_pose_ajh/csi/safe/transition/sit_to_stand/AJH/AJH_sit_to_stand_t007.csv,csi_to_pose_ajh/pose_gt_world/proxy_13/sit_to_stand/AJH/AJH_sit_to_stand_t007_proxy13.csv,csi_to_pose_ajh/pose_gt_world/full_33_landmarks/sit_to_stand/AJH/AJH_sit_to_stand_t007_full33.csv
ajh,AJH,sit_to_stand,t008,8,aircon,train,True,True,True,True,csi_to_pose_ajh/csi/safe/transition/sit_to_stand/AJH/AJH_sit_to_stand_t008.csv,csi_to_pose_ajh/pose_gt_world/proxy_13/sit_to_stand/AJH/AJH_sit_to_stand_t008_proxy13.csv,csi_to_pose_ajh/pose_gt_world/full_33_landmarks/sit_to_stand/AJH/AJH_sit_to_stand_t008_full33.csv
ajh,AJH,sit_to_stand,t009,9,aircon,train,True,True,True,True,csi_to_pose_ajh/csi/safe/transition/sit_to_stand/AJH/AJH_sit_to_stand_t009.csv,csi_to_pose_ajh/pose_gt_world/proxy_13/sit_to_stand/AJH/AJH_sit_to_stand_t009_proxy13.csv,csi_to_pose_ajh/pose_gt_world/full_33_landmarks/sit_to_stand/AJH/AJH_sit_to_stand_t009_full33.csv
ajh,AJH,sit_to_stand,t010,10,aircon,train,True,True,True,True,csi_to_pose_ajh/csi/safe/transition/sit_to_stand/AJH/AJH_sit_to_stand_t010.csv,csi_to_pose_ajh/pose_gt_world/proxy_13/sit_to_stand/AJH/AJH_sit_to_stand_t010_proxy13.csv,csi_to_pose_ajh/pose_gt_world/full_33_landmarks/sit_to_stand/AJH/AJH_sit_to_stand_t010_full33.csv
ajh,AJH,sit_to_stand,t011,11,aircon,train,True,True,True,True,csi_to_pose_ajh/csi/safe/transition/sit_to_stand/AJH/AJH_sit_to_stand_t011.csv,csi_to_pose_ajh/pose_gt_world/proxy_13/sit_to_stand/AJH/AJH_sit_to_stand_t011_proxy13.csv,csi_to_pose_ajh/pose_gt_world/full_33_landmarks/sit_to_stand/AJH/AJH_sit_to_stand_t011_full33.csv
ajh,AJH,sit_to_stand,t012,12,aircon,val,True,True,True,True,csi_to_pose_ajh/csi/safe/transition/sit_to_stand/AJH/AJH_sit_to_stand_t012.csv,csi_to_pose_ajh/pose_gt_world/proxy_13/sit_to_stand/AJH/AJH_sit_to_stand_t012_proxy13.csv,csi_to_pose_ajh/pose_gt_world/full_33_landmarks/sit_to_stand/AJH/AJH_sit_to_stand_t012_full33.csv
ajh,AJH,sit_to_stand,t013,13,aircon,test,True,True,True,True,csi_to_pose_ajh/csi/safe/transition/sit_to_stand/AJH/AJH_sit_to_stand_t013.csv,csi_to_pose_ajh/pose_gt_world/proxy_13/sit_to_stand/AJH/AJH_sit_to_stand_t013_proxy13.csv,csi_to_pose_ajh/pose_gt_world/full_33_landmarks/sit_to_stand/AJH/AJH_sit_to_stand_t013_full33.csv
ajh,AJH,sit_to_stand,t014,14,tv,train,True,True,True,True,csi_to_pose_ajh/csi/safe/transition/sit_to_stand/AJH/AJH_sit_to_stand_t014.csv,csi_to_pose_ajh/pose_gt_world/proxy_13/sit_to_stand/AJH/AJH_sit_to_stand_t014_proxy13.csv,csi_to_pose_ajh/pose_gt_world/full_33_landmarks/sit_to_stand/AJH/AJH_sit_to_stand_t014_full33.csv
ajh,AJH,sit_to_stand,t015,15,tv,train,True,True,True,True,csi_to_pose_ajh/csi/safe/transition/sit_to_stand/AJH/AJH_sit_to_stand_t015.csv,csi_to_pose_ajh/pose_gt_world/proxy_13/sit_to_stand/AJH/AJH_sit_to_stand_t015_proxy13.csv,csi_to_pose_ajh/pose_gt_world/full_33_landmarks/sit_to_stand/AJH/AJH_sit_to_stand_t015_full33.csv
ajh,AJH,sit_to_stand,t016,16,tv,train,True,True,True,True,csi_to_pose_ajh/csi/safe/transition/sit_to_stand/AJH/AJH_sit_to_stand_t016.csv,csi_to_pose_ajh/pose_gt_world/proxy_13/sit_to_stand/AJH/AJH_sit_to_stand_t016_proxy13.csv,csi_to_pose_ajh/pose_gt_world/full_33_landmarks/sit_to_stand/AJH/AJH_sit_to_stand_t016_full33.csv
ajh,AJH,sit_to_stand,t017,17,tv,train,True,True,True,True,csi_to_pose_ajh/csi/safe/transition/sit_to_stand/AJH/AJH_sit_to_stand_t017.csv,csi_to_pose_ajh/pose_gt_world/proxy_13/sit_to_stand/AJH/AJH_sit_to_stand_t017_proxy13.csv,csi_to_pose_ajh/pose_gt_world/full_33_landmarks/sit_to_stand/AJH/AJH_sit_to_stand_t017_full33.csv
ajh,AJH,sit_to_stand,t018,18,tv,val,True,True,True,True,csi_to_pose_ajh/csi/safe/transition/sit_to_stand/AJH/AJH_sit_to_stand_t018.csv,csi_to_pose_ajh/pose_gt_world/proxy_13/sit_to_stand/AJH/AJH_sit_to_stand_t018_proxy13.csv,csi_to_pose_ajh/pose_gt_world/full_33_landmarks/sit_to_stand/AJH/AJH_sit_to_stand_t018_full33.csv
ajh,AJH,sit_to_stand,t019,19,tv,test,True,True,True,True,csi_to_pose_ajh/csi/safe/transition/sit_to_stand/AJH/AJH_sit_to_stand_t019.csv,csi_to_pose_ajh/pose_gt_world/proxy_13/sit_to_stand/AJH/AJH_sit_to_stand_t019_proxy13.csv,csi_to_pose_ajh/pose_gt_world/full_33_landmarks/sit_to_stand/AJH/AJH_sit_to_stand_t019_full33.csv
ajh,AJH,sit_to_stand,t020,20,music,train,True,True,True,True,csi_to_pose_ajh/csi/safe/transition/sit_to_stand/AJH/AJH_sit_to_stand_t020.csv,csi_to_pose_ajh/pose_gt_world/proxy_13/sit_to_stand/AJH/AJH_sit_to_stand_t020_proxy13.csv,csi_to_pose_ajh/pose_gt_world/full_33_landmarks/sit_to_stand/AJH/AJH_sit_to_stand_t020_full33.csv
ajh,AJH,sit_to_stand,t021,21,music,train,True,True,True,True,csi_to_pose_ajh/csi/safe/transition/sit_to_stand/AJH/AJH_sit_to_stand_t021.csv,csi_to_pose_ajh/pose_gt_world/proxy_13/sit_to_stand/AJH/AJH_sit_to_stand_t021_proxy13.csv,csi_to_pose_ajh/pose_gt_world/full_33_landmarks/sit_to_stand/AJH/AJH_sit_to_stand_t021_full33.csv
ajh,AJH,sit_to_stand,t022,22,music,train,True,True,True,True,csi_to_pose_ajh/csi/safe/transition/sit_to_stand/AJH/AJH_sit_to_stand_t022.csv,csi_to_pose_ajh/pose_gt_world/proxy_13/sit_to_stand/AJH/AJH_sit_to_stand_t022_proxy13.csv,csi_to_pose_ajh/pose_gt_world/full_33_landmarks/sit_to_stand/AJH/AJH_sit_to_stand_t022_full33.csv
ajh,AJH,sit_to_stand,t023,23,music,train,True,True,True,True,csi_to_pose_ajh/csi/safe/transition/sit_to_stand/AJH/AJH_sit_to_stand_t023.csv,csi_to_pose_ajh/pose_gt_world/proxy_13/sit_to_stand/AJH/AJH_sit_to_stand_t023_proxy13.csv,csi_to_pose_ajh/pose_gt_world/full_33_landmarks/sit_to_stand/AJH/AJH_sit_to_stand_t023_full33.csv
ajh,AJH,sit_to_stand,t024,24,music,val,True,True,True,True,csi_to_pose_ajh/csi/safe/transition/sit_to_stand/AJH/AJH_sit_to_stand_t024.csv,csi_to_pose_ajh/pose_gt_world/proxy_13/sit_to_stand/AJH/AJH_sit_to_stand_t024_proxy13.csv,csi_to_pose_ajh/pose_gt_world/full_33_landmarks/sit_to_stand/AJH/AJH_sit_to_stand_t024_full33.csv
ajh,AJH,sit_to_stand,t025,25,music,test,True,True,True,True,csi_to_pose_ajh/csi/safe/transition/sit_to_stand/AJH/AJH_sit_to_stand_t025.csv,csi_to_pose_ajh/pose_gt_world/proxy_13/sit_to_stand/AJH/AJH_sit_to_stand_t025_proxy13.csv,csi_to_pose_ajh/pose_gt_world/full_33_landmarks/sit_to_stand/AJH/AJH_sit_to_stand_t025_full33.csv
ajh,AJH,stand_to_sit,t001,1,quiet,train,True,True,True,True,csi_to_pose_ajh/csi/safe/transition/stand_to_sit/AJH/AJH_stand_to_sit_t001.csv,csi_to_pose_ajh/pose_gt_world/proxy_13/stand_to_sit/AJH/AJH_stand_to_sit_t001_proxy13.csv,csi_to_pose_ajh/pose_gt_world/full_33_landmarks/stand_to_sit/AJH/AJH_stand_to_sit_t001_full33.csv
ajh,AJH,stand_to_sit,t002,2,quiet,train,True,True,True,True,csi_to_pose_ajh/csi/safe/transition/stand_to_sit/AJH/AJH_stand_to_sit_t002.csv,csi_to_pose_ajh/pose_gt_world/proxy_13/stand_to_sit/AJH/AJH_stand_to_sit_t002_proxy13.csv,csi_to_pose_ajh/pose_gt_world/full_33_landmarks/stand_to_sit/AJH/AJH_stand_to_sit_t002_full33.csv
ajh,AJH,stand_to_sit,t003,3,quiet,train,True,True,True,True,csi_to_pose_ajh/csi/safe/transition/stand_to_sit/AJH/AJH_stand_to_sit_t003.csv,csi_to_pose_ajh/pose_gt_world/proxy_13/stand_to_sit/AJH/AJH_stand_to_sit_t003_proxy13.csv,csi_to_pose_ajh/pose_gt_world/full_33_landmarks/stand_to_sit/AJH/AJH_stand_to_sit_t003_full33.csv
ajh,AJH,stand_to_sit,t004,4,quiet,train,True,True,True,True,csi_to_pose_ajh/csi/safe/transition/stand_to_sit/AJH/AJH_stand_to_sit_t004.csv,csi_to_pose_ajh/pose_gt_world/proxy_13/stand_to_sit/AJH/AJH_stand_to_sit_t004_proxy13.csv,csi_to_pose_ajh/pose_gt_world/full_33_landmarks/stand_to_sit/AJH/AJH_stand_to_sit_t004_full33.csv
ajh,AJH,stand_to_sit,t005,5,quiet,train,True,True,True,True,csi_to_pose_ajh/csi/safe/transition/stand_to_sit/AJH/AJH_stand_to_sit_t005.csv,csi_to_pose_ajh/pose_gt_world/proxy_13/stand_to_sit/AJH/AJH_stand_to_sit_t005_proxy13.csv,csi_to_pose_ajh/pose_gt_world/full_33_landmarks/stand_to_sit/AJH/AJH_stand_to_sit_t005_full33.csv
ajh,AJH,stand_to_sit,t006,6,quiet,val,True,True,True,True,csi_to_pose_ajh/csi/safe/transition/stand_to_sit/AJH/AJH_stand_to_sit_t006.csv,csi_to_pose_ajh/pose_gt_world/proxy_13/stand_to_sit/AJH/AJH_stand_to_sit_t006_proxy13.csv,csi_to_pose_ajh/pose_gt_world/full_33_landmarks/stand_to_sit/AJH/AJH_stand_to_sit_t006_full33.csv
ajh,AJH,stand_to_sit,t007,7,quiet,test,True,True,True,True,csi_to_pose_ajh/csi/safe/transition/stand_to_sit/AJH/AJH_stand_to_sit_t007.csv,csi_to_pose_ajh/pose_gt_world/proxy_13/stand_to_sit/AJH/AJH_stand_to_sit_t007_proxy13.csv,csi_to_pose_ajh/pose_gt_world/full_33_landmarks/stand_to_sit/AJH/AJH_stand_to_sit_t007_full33.csv
ajh,AJH,stand_to_sit,t008,8,aircon,train,True,True,True,True,csi_to_pose_ajh/csi/safe/transition/stand_to_sit/AJH/AJH_stand_to_sit_t008.csv,csi_to_pose_ajh/pose_gt_world/proxy_13/stand_to_sit/AJH/AJH_stand_to_sit_t008_proxy13.csv,csi_to_pose_ajh/pose_gt_world/full_33_landmarks/stand_to_sit/AJH/AJH_stand_to_sit_t008_full33.csv
ajh,AJH,stand_to_sit,t009,9,aircon,train,True,True,True,True,csi_to_pose_ajh/csi/safe/transition/stand_to_sit/AJH/AJH_stand_to_sit_t009.csv,csi_to_pose_ajh/pose_gt_world/proxy_13/stand_to_sit/AJH/AJH_stand_to_sit_t009_proxy13.csv,csi_to_pose_ajh/pose_gt_world/full_33_landmarks/stand_to_sit/AJH/AJH_stand_to_sit_t009_full33.csv
ajh,AJH,stand_to_sit,t010,10,aircon,train,True,True,True,True,csi_to_pose_ajh/csi/safe/transition/stand_to_sit/AJH/AJH_stand_to_sit_t010.csv,csi_to_pose_ajh/pose_gt_world/proxy_13/stand_to_sit/AJH/AJH_stand_to_sit_t010_proxy13.csv,csi_to_pose_ajh/pose_gt_world/full_33_landmarks/stand_to_sit/AJH/AJH_stand_to_sit_t010_full33.csv
ajh,AJH,stand_to_sit,t011,11,aircon,train,True,True,True,True,csi_to_pose_ajh/csi/safe/transition/stand_to_sit/AJH/AJH_stand_to_sit_t011.csv,csi_to_pose_ajh/pose_gt_world/proxy_13/stand_to_sit/AJH/AJH_stand_to_sit_t011_proxy13.csv,csi_to_pose_ajh/pose_gt_world/full_33_landmarks/stand_to_sit/AJH/AJH_stand_to_sit_t011_full33.csv
ajh,AJH,stand_to_sit,t012,12,aircon,val,True,True,True,True,csi_to_pose_ajh/csi/safe/transition/stand_to_sit/AJH/AJH_stand_to_sit_t012.csv,csi_to_pose_ajh/pose_gt_world/proxy_13/stand_to_sit/AJH/AJH_stand_to_sit_t012_proxy13.csv,csi_to_pose_ajh/pose_gt_world/full_33_landmarks/stand_to_sit/AJH/AJH_stand_to_sit_t012_full33.csv
ajh,AJH,stand_to_sit,t013,13,aircon,test,True,True,True,True,csi_to_pose_ajh/csi/safe/transition/stand_to_sit/AJH/AJH_stand_to_sit_t013.csv,csi_to_pose_ajh/pose_gt_world/proxy_13/stand_to_sit/AJH/AJH_stand_to_sit_t013_proxy13.csv,csi_to_pose_ajh/pose_gt_world/full_33_landmarks/stand_to_sit/AJH/AJH_stand_to_sit_t013_full33.csv
ajh,AJH,stand_to_sit,t014,14,tv,train,True,True,True,True,csi_to_pose_ajh/csi/safe/transition/stand_to_sit/AJH/AJH_stand_to_sit_t014.csv,csi_to_pose_ajh/pose_gt_world/proxy_13/stand_to_sit/AJH/AJH_stand_to_sit_t014_proxy13.csv,csi_to_pose_ajh/pose_gt_world/full_33_landmarks/stand_to_sit/AJH/AJH_stand_to_sit_t014_full33.csv
ajh,AJH,stand_to_sit,t015,15,tv,train,True,True,True,True,csi_to_pose_ajh/csi/safe/transition/stand_to_sit/AJH/AJH_stand_to_sit_t015.csv,csi_to_pose_ajh/pose_gt_world/proxy_13/stand_to_sit/AJH/AJH_stand_to_sit_t015_proxy13.csv,csi_to_pose_ajh/pose_gt_world/full_33_landmarks/stand_to_sit/AJH/AJH_stand_to_sit_t015_full33.csv
ajh,AJH,stand_to_sit,t016,16,tv,train,True,True,True,True,csi_to_pose_ajh/csi/safe/transition/stand_to_sit/AJH/AJH_stand_to_sit_t016.csv,csi_to_pose_ajh/pose_gt_world/proxy_13/stand_to_sit/AJH/AJH_stand_to_sit_t016_proxy13.csv,csi_to_pose_ajh/pose_gt_world/full_33_landmarks/stand_to_sit/AJH/AJH_stand_to_sit_t016_full33.csv
ajh,AJH,stand_to_sit,t017,17,tv,train,True,True,True,True,csi_to_pose_ajh/csi/safe/transition/stand_to_sit/AJH/AJH_stand_to_sit_t017.csv,csi_to_pose_ajh/pose_gt_world/proxy_13/stand_to_sit/AJH/AJH_stand_to_sit_t017_proxy13.csv,csi_to_pose_ajh/pose_gt_world/full_33_landmarks/stand_to_sit/AJH/AJH_stand_to_sit_t017_full33.csv
ajh,AJH,stand_to_sit,t018,18,tv,val,True,True,True,True,csi_to_pose_ajh/csi/safe/transition/stand_to_sit/AJH/AJH_stand_to_sit_t018.csv,csi_to_pose_ajh/pose_gt_world/proxy_13/stand_to_sit/AJH/AJH_stand_to_sit_t018_proxy13.csv,csi_to_pose_ajh/pose_gt_world/full_33_landmarks/stand_to_sit/AJH/AJH_stand_to_sit_t018_full33.csv
ajh,AJH,stand_to_sit,t019,19,tv,test,True,True,True,True,csi_to_pose_ajh/csi/safe/transition/stand_to_sit/AJH/AJH_stand_to_sit_t019.csv,csi_to_pose_ajh/pose_gt_world/proxy_13/stand_to_sit/AJH/AJH_stand_to_sit_t019_proxy13.csv,csi_to_pose_ajh/pose_gt_world/full_33_landmarks/stand_to_sit/AJH/AJH_stand_to_sit_t019_full33.csv
ajh,AJH,stand_to_sit,t020,20,music,train,True,True,True,True,csi_to_pose_ajh/csi/safe/transition/stand_to_sit/AJH/AJH_stand_to_sit_t020.csv,csi_to_pose_ajh/pose_gt_world/proxy_13/stand_to_sit/AJH/AJH_stand_to_sit_t020_proxy13.csv,csi_to_pose_ajh/pose_gt_world/full_33_landmarks/stand_to_sit/AJH/AJH_stand_to_sit_t020_full33.csv
ajh,AJH,stand_to_sit,t021,21,music,train,True,True,True,True,csi_to_pose_ajh/csi/safe/transition/stand_to_sit/AJH/AJH_stand_to_sit_t021.csv,csi_to_pose_ajh/pose_gt_world/proxy_13/stand_to_sit/AJH/AJH_stand_to_sit_t021_proxy13.csv,csi_to_pose_ajh/pose_gt_world/full_33_landmarks/stand_to_sit/AJH/AJH_stand_to_sit_t021_full33.csv
ajh,AJH,stand_to_sit,t022,22,music,train,True,True,True,True,csi_to_pose_ajh/csi/safe/transition/stand_to_sit/AJH/AJH_stand_to_sit_t022.csv,csi_to_pose_ajh/pose_gt_world/proxy_13/stand_to_sit/AJH/AJH_stand_to_sit_t022_proxy13.csv,csi_to_pose_ajh/pose_gt_world/full_33_landmarks/stand_to_sit/AJH/AJH_stand_to_sit_t022_full33.csv
ajh,AJH,stand_to_sit,t023,23,music,train,True,True,True,True,csi_to_pose_ajh/csi/safe/transition/stand_to_sit/AJH/AJH_stand_to_sit_t023.csv,csi_to_pose_ajh/pose_gt_world/proxy_13/stand_to_sit/AJH/AJH_stand_to_sit_t023_proxy13.csv,csi_to_pose_ajh/pose_gt_world/full_33_landmarks/stand_to_sit/AJH/AJH_stand_to_sit_t023_full33.csv
ajh,AJH,stand_to_sit,t024,24,music,val,True,True,True,True,csi_to_pose_ajh/csi/safe/transition/stand_to_sit/AJH/AJH_stand_to_sit_t024.csv,csi_to_pose_ajh/pose_gt_world/proxy_13/stand_to_sit/AJH/AJH_stand_to_sit_t024_proxy13.csv,csi_to_pose_ajh/pose_gt_world/full_33_landmarks/stand_to_sit/AJH/AJH_stand_to_sit_t024_full33.csv
ajh,AJH,stand_to_sit,t025,25,music,test,True,True,True,True,csi_to_pose_ajh/csi/safe/transition/stand_to_sit/AJH/AJH_stand_to_sit_t025.csv,csi_to_pose_ajh/pose_gt_world/proxy_13/stand_to_sit/AJH/AJH_stand_to_sit_t025_proxy13.csv,csi_to_pose_ajh/pose_gt_world/full_33_landmarks/stand_to_sit/AJH/AJH_stand_to_sit_t025_full33.csv
ajh,AJH,lie_to_stand,t001,1,quiet,train,True,True,True,True,csi_to_pose_ajh/csi/safe/transition/lie_to_stand/AJH/AJH_lie_to_stand_t001.csv,csi_to_pose_ajh/pose_gt_world/proxy_13/lie_to_stand/AJH/AJH_lie_to_stand_t001_proxy13.csv,csi_to_pose_ajh/pose_gt_world/full_33_landmarks/lie_to_stand/AJH/AJH_lie_to_stand_t001_full33.csv
ajh,AJH,lie_to_stand,t002,2,quiet,train,True,True,True,True,csi_to_pose_ajh/csi/safe/transition/lie_to_stand/AJH/AJH_lie_to_stand_t002.csv,csi_to_pose_ajh/pose_gt_world/proxy_13/lie_to_stand/AJH/AJH_lie_to_stand_t002_proxy13.csv,csi_to_pose_ajh/pose_gt_world/full_33_landmarks/lie_to_stand/AJH/AJH_lie_to_stand_t002_full33.csv
ajh,AJH,lie_to_stand,t003,3,quiet,train,True,True,True,True,csi_to_pose_ajh/csi/safe/transition/lie_to_stand/AJH/AJH_lie_to_stand_t003.csv,csi_to_pose_ajh/pose_gt_world/proxy_13/lie_to_stand/AJH/AJH_lie_to_stand_t003_proxy13.csv,csi_to_pose_ajh/pose_gt_world/full_33_landmarks/lie_to_stand/AJH/AJH_lie_to_stand_t003_full33.csv
ajh,AJH,lie_to_stand,t004,4,quiet,train,True,True,True,True,csi_to_pose_ajh/csi/safe/transition/lie_to_stand/AJH/AJH_lie_to_stand_t004.csv,csi_to_pose_ajh/pose_gt_world/proxy_13/lie_to_stand/AJH/AJH_lie_to_stand_t004_proxy13.csv,csi_to_pose_ajh/pose_gt_world/full_33_landmarks/lie_to_stand/AJH/AJH_lie_to_stand_t004_full33.csv
ajh,AJH,lie_to_stand,t005,5,quiet,train,True,True,True,True,csi_to_pose_ajh/csi/safe/transition/lie_to_stand/AJH/AJH_lie_to_stand_t005.csv,csi_to_pose_ajh/pose_gt_world/proxy_13/lie_to_stand/AJH/AJH_lie_to_stand_t005_proxy13.csv,csi_to_pose_ajh/pose_gt_world/full_33_landmarks/lie_to_stand/AJH/AJH_lie_to_stand_t005_full33.csv
ajh,AJH,lie_to_stand,t006,6,quiet,val,True,True,True,True,csi_to_pose_ajh/csi/safe/transition/lie_to_stand/AJH/AJH_lie_to_stand_t006.csv,csi_to_pose_ajh/pose_gt_world/proxy_13/lie_to_stand/AJH/AJH_lie_to_stand_t006_proxy13.csv,csi_to_pose_ajh/pose_gt_world/full_33_landmarks/lie_to_stand/AJH/AJH_lie_to_stand_t006_full33.csv
ajh,AJH,lie_to_stand,t007,7,quiet,test,True,True,True,True,csi_to_pose_ajh/csi/safe/transition/lie_to_stand/AJH/AJH_lie_to_stand_t007.csv,csi_to_pose_ajh/pose_gt_world/proxy_13/lie_to_stand/AJH/AJH_lie_to_stand_t007_proxy13.csv,csi_to_pose_ajh/pose_gt_world/full_33_landmarks/lie_to_stand/AJH/AJH_lie_to_stand_t007_full33.csv
ajh,AJH,lie_to_stand,t008,8,aircon,train,True,True,True,True,csi_to_pose_ajh/csi/safe/transition/lie_to_stand/AJH/AJH_lie_to_stand_t008.csv,csi_to_pose_ajh/pose_gt_world/proxy_13/lie_to_stand/AJH/AJH_lie_to_stand_t008_proxy13.csv,csi_to_pose_ajh/pose_gt_world/full_33_landmarks/lie_to_stand/AJH/AJH_lie_to_stand_t008_full33.csv
ajh,AJH,lie_to_stand,t009,9,aircon,train,True,True,True,True,csi_to_pose_ajh/csi/safe/transition/lie_to_stand/AJH/AJH_lie_to_stand_t009.csv,csi_to_pose_ajh/pose_gt_world/proxy_13/lie_to_stand/AJH/AJH_lie_to_stand_t009_proxy13.csv,csi_to_pose_ajh/pose_gt_world/full_33_landmarks/lie_to_stand/AJH/AJH_lie_to_stand_t009_full33.csv
ajh,AJH,lie_to_stand,t010,10,aircon,train,True,True,True,True,csi_to_pose_ajh/csi/safe/transition/lie_to_stand/AJH/AJH_lie_to_stand_t010.csv,csi_to_pose_ajh/pose_gt_world/proxy_13/lie_to_stand/AJH/AJH_lie_to_stand_t010_proxy13.csv,csi_to_pose_ajh/pose_gt_world/full_33_landmarks/lie_to_stand/AJH/AJH_lie_to_stand_t010_full33.csv
ajh,AJH,lie_to_stand,t011,11,aircon,train,True,True,True,True,csi_to_pose_ajh/csi/safe/transition/lie_to_stand/AJH/AJH_lie_to_stand_t011.csv,csi_to_pose_ajh/pose_gt_world/proxy_13/lie_to_stand/AJH/AJH_lie_to_stand_t011_proxy13.csv,csi_to_pose_ajh/pose_gt_world/full_33_landmarks/lie_to_stand/AJH/AJH_lie_to_stand_t011_full33.csv
ajh,AJH,lie_to_stand,t012,12,aircon,val,True,True,True,True,csi_to_pose_ajh/csi/safe/transition/lie_to_stand/AJH/AJH_lie_to_stand_t012.csv,csi_to_pose_ajh/pose_gt_world/proxy_13/lie_to_stand/AJH/AJH_lie_to_stand_t012_proxy13.csv,csi_to_pose_ajh/pose_gt_world/full_33_landmarks/lie_to_stand/AJH/AJH_lie_to_stand_t012_full33.csv
ajh,AJH,lie_to_stand,t013,13,aircon,test,True,True,True,True,csi_to_pose_ajh/csi/safe/transition/lie_to_stand/AJH/AJH_lie_to_stand_t013.csv,csi_to_pose_ajh/pose_gt_world/proxy_13/lie_to_stand/AJH/AJH_lie_to_stand_t013_proxy13.csv,csi_to_pose_ajh/pose_gt_world/full_33_landmarks/lie_to_stand/AJH/AJH_lie_to_stand_t013_full33.csv
ajh,AJH,lie_to_stand,t014,14,tv,train,True,True,True,True,csi_to_pose_ajh/csi/safe/transition/lie_to_stand/AJH/AJH_lie_to_stand_t014.csv,csi_to_pose_ajh/pose_gt_world/proxy_13/lie_to_stand/AJH/AJH_lie_to_stand_t014_proxy13.csv,csi_to_pose_ajh/pose_gt_world/full_33_landmarks/lie_to_stand/AJH/AJH_lie_to_stand_t014_full33.csv
ajh,AJH,lie_to_stand,t015,15,tv,train,True,True,True,True,csi_to_pose_ajh/csi/safe/transition/lie_to_stand/AJH/AJH_lie_to_stand_t015.csv,csi_to_pose_ajh/pose_gt_world/proxy_13/lie_to_stand/AJH/AJH_lie_to_stand_t015_proxy13.csv,csi_to_pose_ajh/pose_gt_world/full_33_landmarks/lie_to_stand/AJH/AJH_lie_to_stand_t015_full33.csv
ajh,AJH,lie_to_stand,t016,16,tv,train,True,True,True,True,csi_to_pose_ajh/csi/safe/transition/lie_to_stand/AJH/AJH_lie_to_stand_t016.csv,csi_to_pose_ajh/pose_gt_world/proxy_13/lie_to_stand/AJH/AJH_lie_to_stand_t016_proxy13.csv,csi_to_pose_ajh/pose_gt_world/full_33_landmarks/lie_to_stand/AJH/AJH_lie_to_stand_t016_full33.csv
ajh,AJH,lie_to_stand,t017,17,tv,train,True,True,True,True,csi_to_pose_ajh/csi/safe/transition/lie_to_stand/AJH/AJH_lie_to_stand_t017.csv,csi_to_pose_ajh/pose_gt_world/proxy_13/lie_to_stand/AJH/AJH_lie_to_stand_t017_proxy13.csv,csi_to_pose_ajh/pose_gt_world/full_33_landmarks/lie_to_stand/AJH/AJH_lie_to_stand_t017_full33.csv
ajh,AJH,lie_to_stand,t018,18,tv,val,True,True,True,True,csi_to_pose_ajh/csi/safe/transition/lie_to_stand/AJH/AJH_lie_to_stand_t018.csv,csi_to_pose_ajh/pose_gt_world/proxy_13/lie_to_stand/AJH/AJH_lie_to_stand_t018_proxy13.csv,csi_to_pose_ajh/pose_gt_world/full_33_landmarks/lie_to_stand/AJH/AJH_lie_to_stand_t018_full33.csv
ajh,AJH,lie_to_stand,t019,19,tv,test,True,True,True,True,csi_to_pose_ajh/csi/safe/transition/lie_to_stand/AJH/AJH_lie_to_stand_t019.csv,csi_to_pose_ajh/pose_gt_world/proxy_13/lie_to_stand/AJH/AJH_lie_to_stand_t019_proxy13.csv,csi_to_pose_ajh/pose_gt_world/full_33_landmarks/lie_to_stand/AJH/AJH_lie_to_stand_t019_full33.csv
ajh,AJH,lie_to_stand,t020,20,music,train,True,True,True,True,csi_to_pose_ajh/csi/safe/transition/lie_to_stand/AJH/AJH_lie_to_stand_t020.csv,csi_to_pose_ajh/pose_gt_world/proxy_13/lie_to_stand/AJH/AJH_lie_to_stand_t020_proxy13.csv,csi_to_pose_ajh/pose_gt_world/full_33_landmarks/lie_to_stand/AJH/AJH_lie_to_stand_t020_full33.csv
ajh,AJH,lie_to_stand,t021,21,music,train,True,True,True,True,csi_to_pose_ajh/csi/safe/transition/lie_to_stand/AJH/AJH_lie_to_stand_t021.csv,csi_to_pose_ajh/pose_gt_world/proxy_13/lie_to_stand/AJH/AJH_lie_to_stand_t021_proxy13.csv,csi_to_pose_ajh/pose_gt_world/full_33_landmarks/lie_to_stand/AJH/AJH_lie_to_stand_t021_full33.csv
ajh,AJH,lie_to_stand,t022,22,music,train,True,True,True,True,csi_to_pose_ajh/csi/safe/transition/lie_to_stand/AJH/AJH_lie_to_stand_t022.csv,csi_to_pose_ajh/pose_gt_world/proxy_13/lie_to_stand/AJH/AJH_lie_to_stand_t022_proxy13.csv,csi_to_pose_ajh/pose_gt_world/full_33_landmarks/lie_to_stand/AJH/AJH_lie_to_stand_t022_full33.csv
ajh,AJH,lie_to_stand,t023,23,music,train,True,True,True,True,csi_to_pose_ajh/csi/safe/transition/lie_to_stand/AJH/AJH_lie_to_stand_t023.csv,csi_to_pose_ajh/pose_gt_world/proxy_13/lie_to_stand/AJH/AJH_lie_to_stand_t023_proxy13.csv,csi_to_pose_ajh/pose_gt_world/full_33_landmarks/lie_to_stand/AJH/AJH_lie_to_stand_t023_full33.csv
ajh,AJH,lie_to_stand,t024,24,music,val,True,True,True,True,csi_to_pose_ajh/csi/safe/transition/lie_to_stand/AJH/AJH_lie_to_stand_t024.csv,csi_to_pose_ajh/pose_gt_world/proxy_13/lie_to_stand/AJH/AJH_lie_to_stand_t024_proxy13.csv,csi_to_pose_ajh/pose_gt_world/full_33_landmarks/lie_to_stand/AJH/AJH_lie_to_stand_t024_full33.csv
ajh,AJH,lie_to_stand,t025,25,music,test,True,True,True,True,csi_to_pose_ajh/csi/safe/transition/lie_to_stand/AJH/AJH_lie_to_stand_t025.csv,csi_to_pose_ajh/pose_gt_world/proxy_13/lie_to_stand/AJH/AJH_lie_to_stand_t025_proxy13.csv,csi_to_pose_ajh/pose_gt_world/full_33_landmarks/lie_to_stand/AJH/AJH_lie_to_stand_t025_full33.csv
ajh,AJH,stand_to_lie_normal,t001,1,quiet,train,True,True,True,True,csi_to_pose_ajh/csi/safe/transition/stand_to_lie_normal/AJH/AJH_stand_to_lie_normal_t001.csv,csi_to_pose_ajh/pose_gt_world/proxy_13/stand_to_lie_normal/AJH/AJH_stand_to_lie_normal_t001_proxy13.csv,csi_to_pose_ajh/pose_gt_world/full_33_landmarks/stand_to_lie_normal/AJH/AJH_stand_to_lie_normal_t001_full33.csv
ajh,AJH,stand_to_lie_normal,t002,2,quiet,train,True,True,True,True,csi_to_pose_ajh/csi/safe/transition/stand_to_lie_normal/AJH/AJH_stand_to_lie_normal_t002.csv,csi_to_pose_ajh/pose_gt_world/proxy_13/stand_to_lie_normal/AJH/AJH_stand_to_lie_normal_t002_proxy13.csv,csi_to_pose_ajh/pose_gt_world/full_33_landmarks/stand_to_lie_normal/AJH/AJH_stand_to_lie_normal_t002_full33.csv
ajh,AJH,stand_to_lie_normal,t003,3,quiet,train,True,True,True,True,csi_to_pose_ajh/csi/safe/transition/stand_to_lie_normal/AJH/AJH_stand_to_lie_normal_t003.csv,csi_to_pose_ajh/pose_gt_world/proxy_13/stand_to_lie_normal/AJH/AJH_stand_to_lie_normal_t003_proxy13.csv,csi_to_pose_ajh/pose_gt_world/full_33_landmarks/stand_to_lie_normal/AJH/AJH_stand_to_lie_normal_t003_full33.csv
ajh,AJH,stand_to_lie_normal,t004,4,quiet,train,True,True,True,True,csi_to_pose_ajh/csi/safe/transition/stand_to_lie_normal/AJH/AJH_stand_to_lie_normal_t004.csv,csi_to_pose_ajh/pose_gt_world/proxy_13/stand_to_lie_normal/AJH/AJH_stand_to_lie_normal_t004_proxy13.csv,csi_to_pose_ajh/pose_gt_world/full_33_landmarks/stand_to_lie_normal/AJH/AJH_stand_to_lie_normal_t004_full33.csv
ajh,AJH,stand_to_lie_normal,t005,5,quiet,train,True,True,True,True,csi_to_pose_ajh/csi/safe/transition/stand_to_lie_normal/AJH/AJH_stand_to_lie_normal_t005.csv,csi_to_pose_ajh/pose_gt_world/proxy_13/stand_to_lie_normal/AJH/AJH_stand_to_lie_normal_t005_proxy13.csv,csi_to_pose_ajh/pose_gt_world/full_33_landmarks/stand_to_lie_normal/AJH/AJH_stand_to_lie_normal_t005_full33.csv
ajh,AJH,stand_to_lie_normal,t006,6,quiet,val,True,True,True,True,csi_to_pose_ajh/csi/safe/transition/stand_to_lie_normal/AJH/AJH_stand_to_lie_normal_t006.csv,csi_to_pose_ajh/pose_gt_world/proxy_13/stand_to_lie_normal/AJH/AJH_stand_to_lie_normal_t006_proxy13.csv,csi_to_pose_ajh/pose_gt_world/full_33_landmarks/stand_to_lie_normal/AJH/AJH_stand_to_lie_normal_t006_full33.csv
ajh,AJH,stand_to_lie_normal,t007,7,quiet,test,True,True,True,True,csi_to_pose_ajh/csi/safe/transition/stand_to_lie_normal/AJH/AJH_stand_to_lie_normal_t007.csv,csi_to_pose_ajh/pose_gt_world/proxy_13/stand_to_lie_normal/AJH/AJH_stand_to_lie_normal_t007_proxy13.csv,csi_to_pose_ajh/pose_gt_world/full_33_landmarks/stand_to_lie_normal/AJH/AJH_stand_to_lie_normal_t007_full33.csv
ajh,AJH,stand_to_lie_normal,t008,8,aircon,train,True,True,True,True,csi_to_pose_ajh/csi/safe/transition/stand_to_lie_normal/AJH/AJH_stand_to_lie_normal_t008.csv,csi_to_pose_ajh/pose_gt_world/proxy_13/stand_to_lie_normal/AJH/AJH_stand_to_lie_normal_t008_proxy13.csv,csi_to_pose_ajh/pose_gt_world/full_33_landmarks/stand_to_lie_normal/AJH/AJH_stand_to_lie_normal_t008_full33.csv
ajh,AJH,stand_to_lie_normal,t009,9,aircon,train,True,True,True,True,csi_to_pose_ajh/csi/safe/transition/stand_to_lie_normal/AJH/AJH_stand_to_lie_normal_t009.csv,csi_to_pose_ajh/pose_gt_world/proxy_13/stand_to_lie_normal/AJH/AJH_stand_to_lie_normal_t009_proxy13.csv,csi_to_pose_ajh/pose_gt_world/full_33_landmarks/stand_to_lie_normal/AJH/AJH_stand_to_lie_normal_t009_full33.csv
ajh,AJH,stand_to_lie_normal,t010,10,aircon,train,True,True,True,True,csi_to_pose_ajh/csi/safe/transition/stand_to_lie_normal/AJH/AJH_stand_to_lie_normal_t010.csv,csi_to_pose_ajh/pose_gt_world/proxy_13/stand_to_lie_normal/AJH/AJH_stand_to_lie_normal_t010_proxy13.csv,csi_to_pose_ajh/pose_gt_world/full_33_landmarks/stand_to_lie_normal/AJH/AJH_stand_to_lie_normal_t010_full33.csv
ajh,AJH,stand_to_lie_normal,t011,11,aircon,train,True,True,True,True,csi_to_pose_ajh/csi/safe/transition/stand_to_lie_normal/AJH/AJH_stand_to_lie_normal_t011.csv,csi_to_pose_ajh/pose_gt_world/proxy_13/stand_to_lie_normal/AJH/AJH_stand_to_lie_normal_t011_proxy13.csv,csi_to_pose_ajh/pose_gt_world/full_33_landmarks/stand_to_lie_normal/AJH/AJH_stand_to_lie_normal_t011_full33.csv
ajh,AJH,stand_to_lie_normal,t012,12,aircon,val,True,True,True,True,csi_to_pose_ajh/csi/safe/transition/stand_to_lie_normal/AJH/AJH_stand_to_lie_normal_t012.csv,csi_to_pose_ajh/pose_gt_world/proxy_13/stand_to_lie_normal/AJH/AJH_stand_to_lie_normal_t012_proxy13.csv,csi_to_pose_ajh/pose_gt_world/full_33_landmarks/stand_to_lie_normal/AJH/AJH_stand_to_lie_normal_t012_full33.csv
ajh,AJH,stand_to_lie_normal,t013,13,aircon,test,True,True,True,True,csi_to_pose_ajh/csi/safe/transition/stand_to_lie_normal/AJH/AJH_stand_to_lie_normal_t013.csv,csi_to_pose_ajh/pose_gt_world/proxy_13/stand_to_lie_normal/AJH/AJH_stand_to_lie_normal_t013_proxy13.csv,csi_to_pose_ajh/pose_gt_world/full_33_landmarks/stand_to_lie_normal/AJH/AJH_stand_to_lie_normal_t013_full33.csv
ajh,AJH,stand_to_lie_normal,t014,14,tv,train,True,True,True,True,csi_to_pose_ajh/csi/safe/transition/stand_to_lie_normal/AJH/AJH_stand_to_lie_normal_t014.csv,csi_to_pose_ajh/pose_gt_world/proxy_13/stand_to_lie_normal/AJH/AJH_stand_to_lie_normal_t014_proxy13.csv,csi_to_pose_ajh/pose_gt_world/full_33_landmarks/stand_to_lie_normal/AJH/AJH_stand_to_lie_normal_t014_full33.csv
ajh,AJH,stand_to_lie_normal,t015,15,tv,train,True,True,True,True,csi_to_pose_ajh/csi/safe/transition/stand_to_lie_normal/AJH/AJH_stand_to_lie_normal_t015.csv,csi_to_pose_ajh/pose_gt_world/proxy_13/stand_to_lie_normal/AJH/AJH_stand_to_lie_normal_t015_proxy13.csv,csi_to_pose_ajh/pose_gt_world/full_33_landmarks/stand_to_lie_normal/AJH/AJH_stand_to_lie_normal_t015_full33.csv
ajh,AJH,stand_to_lie_normal,t016,16,tv,train,True,True,True,True,csi_to_pose_ajh/csi/safe/transition/stand_to_lie_normal/AJH/AJH_stand_to_lie_normal_t016.csv,csi_to_pose_ajh/pose_gt_world/proxy_13/stand_to_lie_normal/AJH/AJH_stand_to_lie_normal_t016_proxy13.csv,csi_to_pose_ajh/pose_gt_world/full_33_landmarks/stand_to_lie_normal/AJH/AJH_stand_to_lie_normal_t016_full33.csv
ajh,AJH,stand_to_lie_normal,t017,17,tv,train,True,True,True,True,csi_to_pose_ajh/csi/safe/transition/stand_to_lie_normal/AJH/AJH_stand_to_lie_normal_t017.csv,csi_to_pose_ajh/pose_gt_world/proxy_13/stand_to_lie_normal/AJH/AJH_stand_to_lie_normal_t017_proxy13.csv,csi_to_pose_ajh/pose_gt_world/full_33_landmarks/stand_to_lie_normal/AJH/AJH_stand_to_lie_normal_t017_full33.csv
ajh,AJH,stand_to_lie_normal,t018,18,tv,val,True,True,True,True,csi_to_pose_ajh/csi/safe/transition/stand_to_lie_normal/AJH/AJH_stand_to_lie_normal_t018.csv,csi_to_pose_ajh/pose_gt_world/proxy_13/stand_to_lie_normal/AJH/AJH_stand_to_lie_normal_t018_proxy13.csv,csi_to_pose_ajh/pose_gt_world/full_33_landmarks/stand_to_lie_normal/AJH/AJH_stand_to_lie_normal_t018_full33.csv
ajh,AJH,stand_to_lie_normal,t019,19,tv,test,True,True,True,True,csi_to_pose_ajh/csi/safe/transition/stand_to_lie_normal/AJH/AJH_stand_to_lie_normal_t019.csv,csi_to_pose_ajh/pose_gt_world/proxy_13/stand_to_lie_normal/AJH/AJH_stand_to_lie_normal_t019_proxy13.csv,csi_to_pose_ajh/pose_gt_world/full_33_landmarks/stand_to_lie_normal/AJH/AJH_stand_to_lie_normal_t019_full33.csv
ajh,AJH,stand_to_lie_normal,t020,20,music,train,True,True,True,True,csi_to_pose_ajh/csi/safe/transition/stand_to_lie_normal/AJH/AJH_stand_to_lie_normal_t020.csv,csi_to_pose_ajh/pose_gt_world/proxy_13/stand_to_lie_normal/AJH/AJH_stand_to_lie_normal_t020_proxy13.csv,csi_to_pose_ajh/pose_gt_world/full_33_landmarks/stand_to_lie_normal/AJH/AJH_stand_to_lie_normal_t020_full33.csv
ajh,AJH,stand_to_lie_normal,t021,21,music,train,True,True,True,True,csi_to_pose_ajh/csi/safe/transition/stand_to_lie_normal/AJH/AJH_stand_to_lie_normal_t021.csv,csi_to_pose_ajh/pose_gt_world/proxy_13/stand_to_lie_normal/AJH/AJH_stand_to_lie_normal_t021_proxy13.csv,csi_to_pose_ajh/pose_gt_world/full_33_landmarks/stand_to_lie_normal/AJH/AJH_stand_to_lie_normal_t021_full33.csv
ajh,AJH,stand_to_lie_normal,t022,22,music,train,True,True,True,True,csi_to_pose_ajh/csi/safe/transition/stand_to_lie_normal/AJH/AJH_stand_to_lie_normal_t022.csv,csi_to_pose_ajh/pose_gt_world/proxy_13/stand_to_lie_normal/AJH/AJH_stand_to_lie_normal_t022_proxy13.csv,csi_to_pose_ajh/pose_gt_world/full_33_landmarks/stand_to_lie_normal/AJH/AJH_stand_to_lie_normal_t022_full33.csv
ajh,AJH,stand_to_lie_normal,t023,23,music,train,True,True,True,True,csi_to_pose_ajh/csi/safe/transition/stand_to_lie_normal/AJH/AJH_stand_to_lie_normal_t023.csv,csi_to_pose_ajh/pose_gt_world/proxy_13/stand_to_lie_normal/AJH/AJH_stand_to_lie_normal_t023_proxy13.csv,csi_to_pose_ajh/pose_gt_world/full_33_landmarks/stand_to_lie_normal/AJH/AJH_stand_to_lie_normal_t023_full33.csv
ajh,AJH,stand_to_lie_normal,t024,24,music,val,True,True,True,True,csi_to_pose_ajh/csi/safe/transition/stand_to_lie_normal/AJH/AJH_stand_to_lie_normal_t024.csv,csi_to_pose_ajh/pose_gt_world/proxy_13/stand_to_lie_normal/AJH/AJH_stand_to_lie_normal_t024_proxy13.csv,csi_to_pose_ajh/pose_gt_world/full_33_landmarks/stand_to_lie_normal/AJH/AJH_stand_to_lie_normal_t024_full33.csv
ajh,AJH,stand_to_lie_normal,t025,25,music,test,True,True,True,True,csi_to_pose_ajh/csi/safe/transition/stand_to_lie_normal/AJH/AJH_stand_to_lie_normal_t025.csv,csi_to_pose_ajh/pose_gt_world/proxy_13/stand_to_lie_normal/AJH/AJH_stand_to_lie_normal_t025_proxy13.csv,csi_to_pose_ajh/pose_gt_world/full_33_landmarks/stand_to_lie_normal/AJH/AJH_stand_to_lie_normal_t025_full33.csv
ajh,AJH,bed_exit_failed,t001,1,quiet,train,True,True,True,True,csi_to_pose_ajh/csi/warning/bed_exit/bed_exit_failed/AJH/AJH_bed_exit_failed_t001.csv,csi_to_pose_ajh/pose_gt_world/proxy_13/bed_exit_failed/AJH/AJH_bed_exit_failed_t001_proxy13.csv,csi_to_pose_ajh/pose_gt_world/full_33_landmarks/bed_exit_failed/AJH/AJH_bed_exit_failed_t001_full33.csv
ajh,AJH,bed_exit_failed,t002,2,quiet,train,True,True,True,True,csi_to_pose_ajh/csi/warning/bed_exit/bed_exit_failed/AJH/AJH_bed_exit_failed_t002.csv,csi_to_pose_ajh/pose_gt_world/proxy_13/bed_exit_failed/AJH/AJH_bed_exit_failed_t002_proxy13.csv,csi_to_pose_ajh/pose_gt_world/full_33_landmarks/bed_exit_failed/AJH/AJH_bed_exit_failed_t002_full33.csv
ajh,AJH,bed_exit_failed,t003,3,quiet,train,True,True,True,True,csi_to_pose_ajh/csi/warning/bed_exit/bed_exit_failed/AJH/AJH_bed_exit_failed_t003.csv,csi_to_pose_ajh/pose_gt_world/proxy_13/bed_exit_failed/AJH/AJH_bed_exit_failed_t003_proxy13.csv,csi_to_pose_ajh/pose_gt_world/full_33_landmarks/bed_exit_failed/AJH/AJH_bed_exit_failed_t003_full33.csv
ajh,AJH,bed_exit_failed,t004,4,quiet,train,True,True,True,True,csi_to_pose_ajh/csi/warning/bed_exit/bed_exit_failed/AJH/AJH_bed_exit_failed_t004.csv,csi_to_pose_ajh/pose_gt_world/proxy_13/bed_exit_failed/AJH/AJH_bed_exit_failed_t004_proxy13.csv,csi_to_pose_ajh/pose_gt_world/full_33_landmarks/bed_exit_failed/AJH/AJH_bed_exit_failed_t004_full33.csv
ajh,AJH,bed_exit_failed,t005,5,quiet,train,True,True,True,True,csi_to_pose_ajh/csi/warning/bed_exit/bed_exit_failed/AJH/AJH_bed_exit_failed_t005.csv,csi_to_pose_ajh/pose_gt_world/proxy_13/bed_exit_failed/AJH/AJH_bed_exit_failed_t005_proxy13.csv,csi_to_pose_ajh/pose_gt_world/full_33_landmarks/bed_exit_failed/AJH/AJH_bed_exit_failed_t005_full33.csv
ajh,AJH,bed_exit_failed,t006,6,quiet,val,True,True,True,True,csi_to_pose_ajh/csi/warning/bed_exit/bed_exit_failed/AJH/AJH_bed_exit_failed_t006.csv,csi_to_pose_ajh/pose_gt_world/proxy_13/bed_exit_failed/AJH/AJH_bed_exit_failed_t006_proxy13.csv,csi_to_pose_ajh/pose_gt_world/full_33_landmarks/bed_exit_failed/AJH/AJH_bed_exit_failed_t006_full33.csv
ajh,AJH,bed_exit_failed,t007,7,quiet,test,True,True,True,True,csi_to_pose_ajh/csi/warning/bed_exit/bed_exit_failed/AJH/AJH_bed_exit_failed_t007.csv,csi_to_pose_ajh/pose_gt_world/proxy_13/bed_exit_failed/AJH/AJH_bed_exit_failed_t007_proxy13.csv,csi_to_pose_ajh/pose_gt_world/full_33_landmarks/bed_exit_failed/AJH/AJH_bed_exit_failed_t007_full33.csv
ajh,AJH,bed_exit_failed,t008,8,aircon,train,True,True,True,True,csi_to_pose_ajh/csi/warning/bed_exit/bed_exit_failed/AJH/AJH_bed_exit_failed_t008.csv,csi_to_pose_ajh/pose_gt_world/proxy_13/bed_exit_failed/AJH/AJH_bed_exit_failed_t008_proxy13.csv,csi_to_pose_ajh/pose_gt_world/full_33_landmarks/bed_exit_failed/AJH/AJH_bed_exit_failed_t008_full33.csv
ajh,AJH,bed_exit_failed,t009,9,aircon,train,True,True,True,True,csi_to_pose_ajh/csi/warning/bed_exit/bed_exit_failed/AJH/AJH_bed_exit_failed_t009.csv,csi_to_pose_ajh/pose_gt_world/proxy_13/bed_exit_failed/AJH/AJH_bed_exit_failed_t009_proxy13.csv,csi_to_pose_ajh/pose_gt_world/full_33_landmarks/bed_exit_failed/AJH/AJH_bed_exit_failed_t009_full33.csv
ajh,AJH,bed_exit_failed,t010,10,aircon,train,True,True,True,True,csi_to_pose_ajh/csi/warning/bed_exit/bed_exit_failed/AJH/AJH_bed_exit_failed_t010.csv,csi_to_pose_ajh/pose_gt_world/proxy_13/bed_exit_failed/AJH/AJH_bed_exit_failed_t010_proxy13.csv,csi_to_pose_ajh/pose_gt_world/full_33_landmarks/bed_exit_failed/AJH/AJH_bed_exit_failed_t010_full33.csv
ajh,AJH,bed_exit_failed,t011,11,aircon,train,True,True,True,True,csi_to_pose_ajh/csi/warning/bed_exit/bed_exit_failed/AJH/AJH_bed_exit_failed_t011.csv,csi_to_pose_ajh/pose_gt_world/proxy_13/bed_exit_failed/AJH/AJH_bed_exit_failed_t011_proxy13.csv,csi_to_pose_ajh/pose_gt_world/full_33_landmarks/bed_exit_failed/AJH/AJH_bed_exit_failed_t011_full33.csv
ajh,AJH,bed_exit_failed,t012,12,aircon,val,True,True,True,True,csi_to_pose_ajh/csi/warning/bed_exit/bed_exit_failed/AJH/AJH_bed_exit_failed_t012.csv,csi_to_pose_ajh/pose_gt_world/proxy_13/bed_exit_failed/AJH/AJH_bed_exit_failed_t012_proxy13.csv,csi_to_pose_ajh/pose_gt_world/full_33_landmarks/bed_exit_failed/AJH/AJH_bed_exit_failed_t012_full33.csv
ajh,AJH,bed_exit_failed,t013,13,aircon,test,True,True,True,True,csi_to_pose_ajh/csi/warning/bed_exit/bed_exit_failed/AJH/AJH_bed_exit_failed_t013.csv,csi_to_pose_ajh/pose_gt_world/proxy_13/bed_exit_failed/AJH/AJH_bed_exit_failed_t013_proxy13.csv,csi_to_pose_ajh/pose_gt_world/full_33_landmarks/bed_exit_failed/AJH/AJH_bed_exit_failed_t013_full33.csv
ajh,AJH,bed_exit_failed,t014,14,tv,train,True,True,True,True,csi_to_pose_ajh/csi/warning/bed_exit/bed_exit_failed/AJH/AJH_bed_exit_failed_t014.csv,csi_to_pose_ajh/pose_gt_world/proxy_13/bed_exit_failed/AJH/AJH_bed_exit_failed_t014_proxy13.csv,csi_to_pose_ajh/pose_gt_world/full_33_landmarks/bed_exit_failed/AJH/AJH_bed_exit_failed_t014_full33.csv
ajh,AJH,bed_exit_failed,t015,15,tv,train,True,True,True,True,csi_to_pose_ajh/csi/warning/bed_exit/bed_exit_failed/AJH/AJH_bed_exit_failed_t015.csv,csi_to_pose_ajh/pose_gt_world/proxy_13/bed_exit_failed/AJH/AJH_bed_exit_failed_t015_proxy13.csv,csi_to_pose_ajh/pose_gt_world/full_33_landmarks/bed_exit_failed/AJH/AJH_bed_exit_failed_t015_full33.csv
ajh,AJH,bed_exit_failed,t016,16,tv,train,True,True,True,True,csi_to_pose_ajh/csi/warning/bed_exit/bed_exit_failed/AJH/AJH_bed_exit_failed_t016.csv,csi_to_pose_ajh/pose_gt_world/proxy_13/bed_exit_failed/AJH/AJH_bed_exit_failed_t016_proxy13.csv,csi_to_pose_ajh/pose_gt_world/full_33_landmarks/bed_exit_failed/AJH/AJH_bed_exit_failed_t016_full33.csv
ajh,AJH,bed_exit_failed,t017,17,tv,train,True,True,True,True,csi_to_pose_ajh/csi/warning/bed_exit/bed_exit_failed/AJH/AJH_bed_exit_failed_t017.csv,csi_to_pose_ajh/pose_gt_world/proxy_13/bed_exit_failed/AJH/AJH_bed_exit_failed_t017_proxy13.csv,csi_to_pose_ajh/pose_gt_world/full_33_landmarks/bed_exit_failed/AJH/AJH_bed_exit_failed_t017_full33.csv
ajh,AJH,bed_exit_failed,t018,18,tv,val,True,True,True,True,csi_to_pose_ajh/csi/warning/bed_exit/bed_exit_failed/AJH/AJH_bed_exit_failed_t018.csv,csi_to_pose_ajh/pose_gt_world/proxy_13/bed_exit_failed/AJH/AJH_bed_exit_failed_t018_proxy13.csv,csi_to_pose_ajh/pose_gt_world/full_33_landmarks/bed_exit_failed/AJH/AJH_bed_exit_failed_t018_full33.csv
ajh,AJH,bed_exit_failed,t019,19,tv,test,True,True,True,True,csi_to_pose_ajh/csi/warning/bed_exit/bed_exit_failed/AJH/AJH_bed_exit_failed_t019.csv,csi_to_pose_ajh/pose_gt_world/proxy_13/bed_exit_failed/AJH/AJH_bed_exit_failed_t019_proxy13.csv,csi_to_pose_ajh/pose_gt_world/full_33_landmarks/bed_exit_failed/AJH/AJH_bed_exit_failed_t019_full33.csv
ajh,AJH,bed_exit_failed,t020,20,music,train,True,True,True,True,csi_to_pose_ajh/csi/warning/bed_exit/bed_exit_failed/AJH/AJH_bed_exit_failed_t020.csv,csi_to_pose_ajh/pose_gt_world/proxy_13/bed_exit_failed/AJH/AJH_bed_exit_failed_t020_proxy13.csv,csi_to_pose_ajh/pose_gt_world/full_33_landmarks/bed_exit_failed/AJH/AJH_bed_exit_failed_t020_full33.csv
ajh,AJH,bed_exit_failed,t021,21,music,train,True,True,True,True,csi_to_pose_ajh/csi/warning/bed_exit/bed_exit_failed/AJH/AJH_bed_exit_failed_t021.csv,csi_to_pose_ajh/pose_gt_world/proxy_13/bed_exit_failed/AJH/AJH_bed_exit_failed_t021_proxy13.csv,csi_to_pose_ajh/pose_gt_world/full_33_landmarks/bed_exit_failed/AJH/AJH_bed_exit_failed_t021_full33.csv
ajh,AJH,bed_exit_failed,t022,22,music,train,True,True,True,True,csi_to_pose_ajh/csi/warning/bed_exit/bed_exit_failed/AJH/AJH_bed_exit_failed_t022.csv,csi_to_pose_ajh/pose_gt_world/proxy_13/bed_exit_failed/AJH/AJH_bed_exit_failed_t022_proxy13.csv,csi_to_pose_ajh/pose_gt_world/full_33_landmarks/bed_exit_failed/AJH/AJH_bed_exit_failed_t022_full33.csv
ajh,AJH,bed_exit_failed,t023,23,music,train,True,True,True,True,csi_to_pose_ajh/csi/warning/bed_exit/bed_exit_failed/AJH/AJH_bed_exit_failed_t023.csv,csi_to_pose_ajh/pose_gt_world/proxy_13/bed_exit_failed/AJH/AJH_bed_exit_failed_t023_proxy13.csv,csi_to_pose_ajh/pose_gt_world/full_33_landmarks/bed_exit_failed/AJH/AJH_bed_exit_failed_t023_full33.csv
ajh,AJH,bed_exit_failed,t024,24,music,val,True,True,True,True,csi_to_pose_ajh/csi/warning/bed_exit/bed_exit_failed/AJH/AJH_bed_exit_failed_t024.csv,csi_to_pose_ajh/pose_gt_world/proxy_13/bed_exit_failed/AJH/AJH_bed_exit_failed_t024_proxy13.csv,csi_to_pose_ajh/pose_gt_world/full_33_landmarks/bed_exit_failed/AJH/AJH_bed_exit_failed_t024_full33.csv
ajh,AJH,bed_exit_failed,t025,25,music,test,True,True,True,True,csi_to_pose_ajh/csi/warning/bed_exit/bed_exit_failed/AJH/AJH_bed_exit_failed_t025.csv,csi_to_pose_ajh/pose_gt_world/proxy_13/bed_exit_failed/AJH/AJH_bed_exit_failed_t025_proxy13.csv,csi_to_pose_ajh/pose_gt_world/full_33_landmarks/bed_exit_failed/AJH/AJH_bed_exit_failed_t025_full33.csv
ajh,AJH,unstable_walking,t001,1,quiet,train,True,True,True,True,csi_to_pose_ajh/csi/warning/gait/unstable_walking/AJH/AJH_unstable_walking_t001.csv,csi_to_pose_ajh/pose_gt_world/proxy_13/unstable_walking/AJH/AJH_unstable_walking_t001_proxy13.csv,csi_to_pose_ajh/pose_gt_world/full_33_landmarks/unstable_walking/AJH/AJH_unstable_walking_t001_full33.csv
ajh,AJH,unstable_walking,t002,2,quiet,train,True,True,True,True,csi_to_pose_ajh/csi/warning/gait/unstable_walking/AJH/AJH_unstable_walking_t002.csv,csi_to_pose_ajh/pose_gt_world/proxy_13/unstable_walking/AJH/AJH_unstable_walking_t002_proxy13.csv,csi_to_pose_ajh/pose_gt_world/full_33_landmarks/unstable_walking/AJH/AJH_unstable_walking_t002_full33.csv
ajh,AJH,unstable_walking,t003,3,quiet,train,True,True,True,True,csi_to_pose_ajh/csi/warning/gait/unstable_walking/AJH/AJH_unstable_walking_t003.csv,csi_to_pose_ajh/pose_gt_world/proxy_13/unstable_walking/AJH/AJH_unstable_walking_t003_proxy13.csv,csi_to_pose_ajh/pose_gt_world/full_33_landmarks/unstable_walking/AJH/AJH_unstable_walking_t003_full33.csv
ajh,AJH,unstable_walking,t004,4,quiet,train,True,True,True,True,csi_to_pose_ajh/csi/warning/gait/unstable_walking/AJH/AJH_unstable_walking_t004.csv,csi_to_pose_ajh/pose_gt_world/proxy_13/unstable_walking/AJH/AJH_unstable_walking_t004_proxy13.csv,csi_to_pose_ajh/pose_gt_world/full_33_landmarks/unstable_walking/AJH/AJH_unstable_walking_t004_full33.csv
ajh,AJH,unstable_walking,t005,5,quiet,train,True,True,True,True,csi_to_pose_ajh/csi/warning/gait/unstable_walking/AJH/AJH_unstable_walking_t005.csv,csi_to_pose_ajh/pose_gt_world/proxy_13/unstable_walking/AJH/AJH_unstable_walking_t005_proxy13.csv,csi_to_pose_ajh/pose_gt_world/full_33_landmarks/unstable_walking/AJH/AJH_unstable_walking_t005_full33.csv
ajh,AJH,unstable_walking,t006,6,quiet,val,True,True,True,True,csi_to_pose_ajh/csi/warning/gait/unstable_walking/AJH/AJH_unstable_walking_t006.csv,csi_to_pose_ajh/pose_gt_world/proxy_13/unstable_walking/AJH/AJH_unstable_walking_t006_proxy13.csv,csi_to_pose_ajh/pose_gt_world/full_33_landmarks/unstable_walking/AJH/AJH_unstable_walking_t006_full33.csv
ajh,AJH,unstable_walking,t007,7,quiet,test,True,True,True,True,csi_to_pose_ajh/csi/warning/gait/unstable_walking/AJH/AJH_unstable_walking_t007.csv,csi_to_pose_ajh/pose_gt_world/proxy_13/unstable_walking/AJH/AJH_unstable_walking_t007_proxy13.csv,csi_to_pose_ajh/pose_gt_world/full_33_landmarks/unstable_walking/AJH/AJH_unstable_walking_t007_full33.csv
ajh,AJH,unstable_walking,t008,8,aircon,train,True,True,True,True,csi_to_pose_ajh/csi/warning/gait/unstable_walking/AJH/AJH_unstable_walking_t008.csv,csi_to_pose_ajh/pose_gt_world/proxy_13/unstable_walking/AJH/AJH_unstable_walking_t008_proxy13.csv,csi_to_pose_ajh/pose_gt_world/full_33_landmarks/unstable_walking/AJH/AJH_unstable_walking_t008_full33.csv
ajh,AJH,unstable_walking,t009,9,aircon,train,True,True,True,True,csi_to_pose_ajh/csi/warning/gait/unstable_walking/AJH/AJH_unstable_walking_t009.csv,csi_to_pose_ajh/pose_gt_world/proxy_13/unstable_walking/AJH/AJH_unstable_walking_t009_proxy13.csv,csi_to_pose_ajh/pose_gt_world/full_33_landmarks/unstable_walking/AJH/AJH_unstable_walking_t009_full33.csv
ajh,AJH,unstable_walking,t010,10,aircon,train,True,True,True,True,csi_to_pose_ajh/csi/warning/gait/unstable_walking/AJH/AJH_unstable_walking_t010.csv,csi_to_pose_ajh/pose_gt_world/proxy_13/unstable_walking/AJH/AJH_unstable_walking_t010_proxy13.csv,csi_to_pose_ajh/pose_gt_world/full_33_landmarks/unstable_walking/AJH/AJH_unstable_walking_t010_full33.csv
ajh,AJH,unstable_walking,t011,11,aircon,train,True,True,True,True,csi_to_pose_ajh/csi/warning/gait/unstable_walking/AJH/AJH_unstable_walking_t011.csv,csi_to_pose_ajh/pose_gt_world/proxy_13/unstable_walking/AJH/AJH_unstable_walking_t011_proxy13.csv,csi_to_pose_ajh/pose_gt_world/full_33_landmarks/unstable_walking/AJH/AJH_unstable_walking_t011_full33.csv
ajh,AJH,unstable_walking,t012,12,aircon,val,True,True,True,True,csi_to_pose_ajh/csi/warning/gait/unstable_walking/AJH/AJH_unstable_walking_t012.csv,csi_to_pose_ajh/pose_gt_world/proxy_13/unstable_walking/AJH/AJH_unstable_walking_t012_proxy13.csv,csi_to_pose_ajh/pose_gt_world/full_33_landmarks/unstable_walking/AJH/AJH_unstable_walking_t012_full33.csv
ajh,AJH,unstable_walking,t013,13,aircon,test,True,True,True,True,csi_to_pose_ajh/csi/warning/gait/unstable_walking/AJH/AJH_unstable_walking_t013.csv,csi_to_pose_ajh/pose_gt_world/proxy_13/unstable_walking/AJH/AJH_unstable_walking_t013_proxy13.csv,csi_to_pose_ajh/pose_gt_world/full_33_landmarks/unstable_walking/AJH/AJH_unstable_walking_t013_full33.csv
ajh,AJH,unstable_walking,t014,14,tv,train,True,True,True,True,csi_to_pose_ajh/csi/warning/gait/unstable_walking/AJH/AJH_unstable_walking_t014.csv,csi_to_pose_ajh/pose_gt_world/proxy_13/unstable_walking/AJH/AJH_unstable_walking_t014_proxy13.csv,csi_to_pose_ajh/pose_gt_world/full_33_landmarks/unstable_walking/AJH/AJH_unstable_walking_t014_full33.csv
ajh,AJH,unstable_walking,t015,15,tv,train,True,True,True,True,csi_to_pose_ajh/csi/warning/gait/unstable_walking/AJH/AJH_unstable_walking_t015.csv,csi_to_pose_ajh/pose_gt_world/proxy_13/unstable_walking/AJH/AJH_unstable_walking_t015_proxy13.csv,csi_to_pose_ajh/pose_gt_world/full_33_landmarks/unstable_walking/AJH/AJH_unstable_walking_t015_full33.csv
ajh,AJH,unstable_walking,t016,16,tv,train,True,True,True,True,csi_to_pose_ajh/csi/warning/gait/unstable_walking/AJH/AJH_unstable_walking_t016.csv,csi_to_pose_ajh/pose_gt_world/proxy_13/unstable_walking/AJH/AJH_unstable_walking_t016_proxy13.csv,csi_to_pose_ajh/pose_gt_world/full_33_landmarks/unstable_walking/AJH/AJH_unstable_walking_t016_full33.csv
ajh,AJH,unstable_walking,t017,17,tv,train,True,True,True,True,csi_to_pose_ajh/csi/warning/gait/unstable_walking/AJH/AJH_unstable_walking_t017.csv,csi_to_pose_ajh/pose_gt_world/proxy_13/unstable_walking/AJH/AJH_unstable_walking_t017_proxy13.csv,csi_to_pose_ajh/pose_gt_world/full_33_landmarks/unstable_walking/AJH/AJH_unstable_walking_t017_full33.csv
ajh,AJH,unstable_walking,t018,18,tv,val,True,True,True,True,csi_to_pose_ajh/csi/warning/gait/unstable_walking/AJH/AJH_unstable_walking_t018.csv,csi_to_pose_ajh/pose_gt_world/proxy_13/unstable_walking/AJH/AJH_unstable_walking_t018_proxy13.csv,csi_to_pose_ajh/pose_gt_world/full_33_landmarks/unstable_walking/AJH/AJH_unstable_walking_t018_full33.csv
ajh,AJH,unstable_walking,t019,19,tv,test,True,True,True,True,csi_to_pose_ajh/csi/warning/gait/unstable_walking/AJH/AJH_unstable_walking_t019.csv,csi_to_pose_ajh/pose_gt_world/proxy_13/unstable_walking/AJH/AJH_unstable_walking_t019_proxy13.csv,csi_to_pose_ajh/pose_gt_world/full_33_landmarks/unstable_walking/AJH/AJH_unstable_walking_t019_full33.csv
ajh,AJH,unstable_walking,t020,20,music,train,True,True,True,True,csi_to_pose_ajh/csi/warning/gait/unstable_walking/AJH/AJH_unstable_walking_t020.csv,csi_to_pose_ajh/pose_gt_world/proxy_13/unstable_walking/AJH/AJH_unstable_walking_t020_proxy13.csv,csi_to_pose_ajh/pose_gt_world/full_33_landmarks/unstable_walking/AJH/AJH_unstable_walking_t020_full33.csv
ajh,AJH,unstable_walking,t021,21,music,train,True,True,True,True,csi_to_pose_ajh/csi/warning/gait/unstable_walking/AJH/AJH_unstable_walking_t021.csv,csi_to_pose_ajh/pose_gt_world/proxy_13/unstable_walking/AJH/AJH_unstable_walking_t021_proxy13.csv,csi_to_pose_ajh/pose_gt_world/full_33_landmarks/unstable_walking/AJH/AJH_unstable_walking_t021_full33.csv
ajh,AJH,unstable_walking,t022,22,music,train,True,True,True,True,csi_to_pose_ajh/csi/warning/gait/unstable_walking/AJH/AJH_unstable_walking_t022.csv,csi_to_pose_ajh/pose_gt_world/proxy_13/unstable_walking/AJH/AJH_unstable_walking_t022_proxy13.csv,csi_to_pose_ajh/pose_gt_world/full_33_landmarks/unstable_walking/AJH/AJH_unstable_walking_t022_full33.csv
ajh,AJH,unstable_walking,t023,23,music,train,True,True,True,True,csi_to_pose_ajh/csi/warning/gait/unstable_walking/AJH/AJH_unstable_walking_t023.csv,csi_to_pose_ajh/pose_gt_world/proxy_13/unstable_walking/AJH/AJH_unstable_walking_t023_proxy13.csv,csi_to_pose_ajh/pose_gt_world/full_33_landmarks/unstable_walking/AJH/AJH_unstable_walking_t023_full33.csv
ajh,AJH,unstable_walking,t024,24,music,val,True,True,True,True,csi_to_pose_ajh/csi/warning/gait/unstable_walking/AJH/AJH_unstable_walking_t024.csv,csi_to_pose_ajh/pose_gt_world/proxy_13/unstable_walking/AJH/AJH_unstable_walking_t024_proxy13.csv,csi_to_pose_ajh/pose_gt_world/full_33_landmarks/unstable_walking/AJH/AJH_unstable_walking_t024_full33.csv
ajh,AJH,unstable_walking,t025,25,music,test,True,True,True,True,csi_to_pose_ajh/csi/warning/gait/unstable_walking/AJH/AJH_unstable_walking_t025.csv,csi_to_pose_ajh/pose_gt_world/proxy_13/unstable_walking/AJH/AJH_unstable_walking_t025_proxy13.csv,csi_to_pose_ajh/pose_gt_world/full_33_landmarks/unstable_walking/AJH/AJH_unstable_walking_t025_full33.csv
ajh,AJH,post_fall_inactive,t001,1,quiet,train,True,True,True,True,csi_to_pose_ajh/csi/danger/fall/post_fall_inactive/AJH/AJH_post_fall_inactive_t001.csv,csi_to_pose_ajh/pose_gt_world/proxy_13/post_fall_inactive/AJH/AJH_post_fall_inactive_t001_proxy13.csv,csi_to_pose_ajh/pose_gt_world/full_33_landmarks/post_fall_inactive/AJH/AJH_post_fall_inactive_t001_full33.csv
ajh,AJH,post_fall_inactive,t002,2,quiet,train,True,True,True,True,csi_to_pose_ajh/csi/danger/fall/post_fall_inactive/AJH/AJH_post_fall_inactive_t002.csv,csi_to_pose_ajh/pose_gt_world/proxy_13/post_fall_inactive/AJH/AJH_post_fall_inactive_t002_proxy13.csv,csi_to_pose_ajh/pose_gt_world/full_33_landmarks/post_fall_inactive/AJH/AJH_post_fall_inactive_t002_full33.csv
ajh,AJH,post_fall_inactive,t003,3,quiet,train,True,True,True,True,csi_to_pose_ajh/csi/danger/fall/post_fall_inactive/AJH/AJH_post_fall_inactive_t003.csv,csi_to_pose_ajh/pose_gt_world/proxy_13/post_fall_inactive/AJH/AJH_post_fall_inactive_t003_proxy13.csv,csi_to_pose_ajh/pose_gt_world/full_33_landmarks/post_fall_inactive/AJH/AJH_post_fall_inactive_t003_full33.csv
ajh,AJH,post_fall_inactive,t004,4,quiet,train,True,True,True,True,csi_to_pose_ajh/csi/danger/fall/post_fall_inactive/AJH/AJH_post_fall_inactive_t004.csv,csi_to_pose_ajh/pose_gt_world/proxy_13/post_fall_inactive/AJH/AJH_post_fall_inactive_t004_proxy13.csv,csi_to_pose_ajh/pose_gt_world/full_33_landmarks/post_fall_inactive/AJH/AJH_post_fall_inactive_t004_full33.csv
ajh,AJH,post_fall_inactive,t005,5,quiet,train,True,True,True,True,csi_to_pose_ajh/csi/danger/fall/post_fall_inactive/AJH/AJH_post_fall_inactive_t005.csv,csi_to_pose_ajh/pose_gt_world/proxy_13/post_fall_inactive/AJH/AJH_post_fall_inactive_t005_proxy13.csv,csi_to_pose_ajh/pose_gt_world/full_33_landmarks/post_fall_inactive/AJH/AJH_post_fall_inactive_t005_full33.csv
ajh,AJH,post_fall_inactive,t006,6,quiet,val,True,True,True,True,csi_to_pose_ajh/csi/danger/fall/post_fall_inactive/AJH/AJH_post_fall_inactive_t006.csv,csi_to_pose_ajh/pose_gt_world/proxy_13/post_fall_inactive/AJH/AJH_post_fall_inactive_t006_proxy13.csv,csi_to_pose_ajh/pose_gt_world/full_33_landmarks/post_fall_inactive/AJH/AJH_post_fall_inactive_t006_full33.csv
ajh,AJH,post_fall_inactive,t007,7,quiet,test,True,True,True,True,csi_to_pose_ajh/csi/danger/fall/post_fall_inactive/AJH/AJH_post_fall_inactive_t007.csv,csi_to_pose_ajh/pose_gt_world/proxy_13/post_fall_inactive/AJH/AJH_post_fall_inactive_t007_proxy13.csv,csi_to_pose_ajh/pose_gt_world/full_33_landmarks/post_fall_inactive/AJH/AJH_post_fall_inactive_t007_full33.csv
ajh,AJH,post_fall_inactive,t008,8,aircon,train,True,True,True,True,csi_to_pose_ajh/csi/danger/fall/post_fall_inactive/AJH/AJH_post_fall_inactive_t008.csv,csi_to_pose_ajh/pose_gt_world/proxy_13/post_fall_inactive/AJH/AJH_post_fall_inactive_t008_proxy13.csv,csi_to_pose_ajh/pose_gt_world/full_33_landmarks/post_fall_inactive/AJH/AJH_post_fall_inactive_t008_full33.csv
ajh,AJH,post_fall_inactive,t009,9,aircon,train,True,True,True,True,csi_to_pose_ajh/csi/danger/fall/post_fall_inactive/AJH/AJH_post_fall_inactive_t009.csv,csi_to_pose_ajh/pose_gt_world/proxy_13/post_fall_inactive/AJH/AJH_post_fall_inactive_t009_proxy13.csv,csi_to_pose_ajh/pose_gt_world/full_33_landmarks/post_fall_inactive/AJH/AJH_post_fall_inactive_t009_full33.csv
ajh,AJH,post_fall_inactive,t010,10,aircon,train,True,True,True,True,csi_to_pose_ajh/csi/danger/fall/post_fall_inactive/AJH/AJH_post_fall_inactive_t010.csv,csi_to_pose_ajh/pose_gt_world/proxy_13/post_fall_inactive/AJH/AJH_post_fall_inactive_t010_proxy13.csv,csi_to_pose_ajh/pose_gt_world/full_33_landmarks/post_fall_inactive/AJH/AJH_post_fall_inactive_t010_full33.csv
ajh,AJH,post_fall_inactive,t011,11,aircon,train,True,True,True,True,csi_to_pose_ajh/csi/danger/fall/post_fall_inactive/AJH/AJH_post_fall_inactive_t011.csv,csi_to_pose_ajh/pose_gt_world/proxy_13/post_fall_inactive/AJH/AJH_post_fall_inactive_t011_proxy13.csv,csi_to_pose_ajh/pose_gt_world/full_33_landmarks/post_fall_inactive/AJH/AJH_post_fall_inactive_t011_full33.csv
ajh,AJH,post_fall_inactive,t012,12,aircon,val,True,True,True,True,csi_to_pose_ajh/csi/danger/fall/post_fall_inactive/AJH/AJH_post_fall_inactive_t012.csv,csi_to_pose_ajh/pose_gt_world/proxy_13/post_fall_inactive/AJH/AJH_post_fall_inactive_t012_proxy13.csv,csi_to_pose_ajh/pose_gt_world/full_33_landmarks/post_fall_inactive/AJH/AJH_post_fall_inactive_t012_full33.csv
ajh,AJH,post_fall_inactive,t013,13,aircon,test,True,True,True,True,csi_to_pose_ajh/csi/danger/fall/post_fall_inactive/AJH/AJH_post_fall_inactive_t013.csv,csi_to_pose_ajh/pose_gt_world/proxy_13/post_fall_inactive/AJH/AJH_post_fall_inactive_t013_proxy13.csv,csi_to_pose_ajh/pose_gt_world/full_33_landmarks/post_fall_inactive/AJH/AJH_post_fall_inactive_t013_full33.csv
ajh,AJH,post_fall_inactive,t014,14,tv,train,True,True,True,True,csi_to_pose_ajh/csi/danger/fall/post_fall_inactive/AJH/AJH_post_fall_inactive_t014.csv,csi_to_pose_ajh/pose_gt_world/proxy_13/post_fall_inactive/AJH/AJH_post_fall_inactive_t014_proxy13.csv,csi_to_pose_ajh/pose_gt_world/full_33_landmarks/post_fall_inactive/AJH/AJH_post_fall_inactive_t014_full33.csv
ajh,AJH,post_fall_inactive,t015,15,tv,train,True,True,True,True,csi_to_pose_ajh/csi/danger/fall/post_fall_inactive/AJH/AJH_post_fall_inactive_t015.csv,csi_to_pose_ajh/pose_gt_world/proxy_13/post_fall_inactive/AJH/AJH_post_fall_inactive_t015_proxy13.csv,csi_to_pose_ajh/pose_gt_world/full_33_landmarks/post_fall_inactive/AJH/AJH_post_fall_inactive_t015_full33.csv
ajh,AJH,post_fall_inactive,t016,16,tv,train,True,True,True,True,csi_to_pose_ajh/csi/danger/fall/post_fall_inactive/AJH/AJH_post_fall_inactive_t016.csv,csi_to_pose_ajh/pose_gt_world/proxy_13/post_fall_inactive/AJH/AJH_post_fall_inactive_t016_proxy13.csv,csi_to_pose_ajh/pose_gt_world/full_33_landmarks/post_fall_inactive/AJH/AJH_post_fall_inactive_t016_full33.csv
ajh,AJH,post_fall_inactive,t017,17,tv,train,True,True,True,True,csi_to_pose_ajh/csi/danger/fall/post_fall_inactive/AJH/AJH_post_fall_inactive_t017.csv,csi_to_pose_ajh/pose_gt_world/proxy_13/post_fall_inactive/AJH/AJH_post_fall_inactive_t017_proxy13.csv,csi_to_pose_ajh/pose_gt_world/full_33_landmarks/post_fall_inactive/AJH/AJH_post_fall_inactive_t017_full33.csv
ajh,AJH,post_fall_inactive,t018,18,tv,val,True,True,True,True,csi_to_pose_ajh/csi/danger/fall/post_fall_inactive/AJH/AJH_post_fall_inactive_t018.csv,csi_to_pose_ajh/pose_gt_world/proxy_13/post_fall_inactive/AJH/AJH_post_fall_inactive_t018_proxy13.csv,csi_to_pose_ajh/pose_gt_world/full_33_landmarks/post_fall_inactive/AJH/AJH_post_fall_inactive_t018_full33.csv
ajh,AJH,post_fall_inactive,t019,19,tv,test,True,True,True,True,csi_to_pose_ajh/csi/danger/fall/post_fall_inactive/AJH/AJH_post_fall_inactive_t019.csv,csi_to_pose_ajh/pose_gt_world/proxy_13/post_fall_inactive/AJH/AJH_post_fall_inactive_t019_proxy13.csv,csi_to_pose_ajh/pose_gt_world/full_33_landmarks/post_fall_inactive/AJH/AJH_post_fall_inactive_t019_full33.csv
ajh,AJH,post_fall_inactive,t020,20,music,train,True,True,True,True,csi_to_pose_ajh/csi/danger/fall/post_fall_inactive/AJH/AJH_post_fall_inactive_t020.csv,csi_to_pose_ajh/pose_gt_world/proxy_13/post_fall_inactive/AJH/AJH_post_fall_inactive_t020_proxy13.csv,csi_to_pose_ajh/pose_gt_world/full_33_landmarks/post_fall_inactive/AJH/AJH_post_fall_inactive_t020_full33.csv
ajh,AJH,post_fall_inactive,t021,21,music,train,True,True,True,True,csi_to_pose_ajh/csi/danger/fall/post_fall_inactive/AJH/AJH_post_fall_inactive_t021.csv,csi_to_pose_ajh/pose_gt_world/proxy_13/post_fall_inactive/AJH/AJH_post_fall_inactive_t021_proxy13.csv,csi_to_pose_ajh/pose_gt_world/full_33_landmarks/post_fall_inactive/AJH/AJH_post_fall_inactive_t021_full33.csv
ajh,AJH,post_fall_inactive,t022,22,music,train,True,True,True,True,csi_to_pose_ajh/csi/danger/fall/post_fall_inactive/AJH/AJH_post_fall_inactive_t022.csv,csi_to_pose_ajh/pose_gt_world/proxy_13/post_fall_inactive/AJH/AJH_post_fall_inactive_t022_proxy13.csv,csi_to_pose_ajh/pose_gt_world/full_33_landmarks/post_fall_inactive/AJH/AJH_post_fall_inactive_t022_full33.csv
ajh,AJH,post_fall_inactive,t023,23,music,train,True,True,True,True,csi_to_pose_ajh/csi/danger/fall/post_fall_inactive/AJH/AJH_post_fall_inactive_t023.csv,csi_to_pose_ajh/pose_gt_world/proxy_13/post_fall_inactive/AJH/AJH_post_fall_inactive_t023_proxy13.csv,csi_to_pose_ajh/pose_gt_world/full_33_landmarks/post_fall_inactive/AJH/AJH_post_fall_inactive_t023_full33.csv
ajh,AJH,post_fall_inactive,t024,24,music,val,True,True,True,True,csi_to_pose_ajh/csi/danger/fall/post_fall_inactive/AJH/AJH_post_fall_inactive_t024.csv,csi_to_pose_ajh/pose_gt_world/proxy_13/post_fall_inactive/AJH/AJH_post_fall_inactive_t024_proxy13.csv,csi_to_pose_ajh/pose_gt_world/full_33_landmarks/post_fall_inactive/AJH/AJH_post_fall_inactive_t024_full33.csv
ajh,AJH,post_fall_inactive,t025,25,music,test,True,True,True,True,csi_to_pose_ajh/csi/danger/fall/post_fall_inactive/AJH/AJH_post_fall_inactive_t025.csv,csi_to_pose_ajh/pose_gt_world/proxy_13/post_fall_inactive/AJH/AJH_post_fall_inactive_t025_proxy13.csv,csi_to_pose_ajh/pose_gt_world/full_33_landmarks/post_fall_inactive/AJH/AJH_post_fall_inactive_t025_full33.csv
lmh,lmh,standing_still,t001,1,quiet,train,True,True,True,True,csi_to_pose_lmh/csi/safe/posture/standing_still/lmh/lmh_standing_still_t001.csv,csi_to_pose_lmh/pose_gt_world/proxy_13/standing_still/lmh/lmh_standing_still_t001_proxy13.csv,csi_to_pose_lmh/pose_gt_world/full_33_landmarks/standing_still/lmh/lmh_standing_still_t001_full33.csv
lmh,lmh,standing_still,t002,2,quiet,train,True,True,True,True,csi_to_pose_lmh/csi/safe/posture/standing_still/lmh/lmh_standing_still_t002.csv,csi_to_pose_lmh/pose_gt_world/proxy_13/standing_still/lmh/lmh_standing_still_t002_proxy13.csv,csi_to_pose_lmh/pose_gt_world/full_33_landmarks/standing_still/lmh/lmh_standing_still_t002_full33.csv
lmh,lmh,standing_still,t003,3,quiet,train,True,True,True,True,csi_to_pose_lmh/csi/safe/posture/standing_still/lmh/lmh_standing_still_t003.csv,csi_to_pose_lmh/pose_gt_world/proxy_13/standing_still/lmh/lmh_standing_still_t003_proxy13.csv,csi_to_pose_lmh/pose_gt_world/full_33_landmarks/standing_still/lmh/lmh_standing_still_t003_full33.csv
lmh,lmh,standing_still,t004,4,quiet,train,True,True,True,True,csi_to_pose_lmh/csi/safe/posture/standing_still/lmh/lmh_standing_still_t004.csv,csi_to_pose_lmh/pose_gt_world/proxy_13/standing_still/lmh/lmh_standing_still_t004_proxy13.csv,csi_to_pose_lmh/pose_gt_world/full_33_landmarks/standing_still/lmh/lmh_standing_still_t004_full33.csv
lmh,lmh,standing_still,t005,5,quiet,train,True,True,True,True,csi_to_pose_lmh/csi/safe/posture/standing_still/lmh/lmh_standing_still_t005.csv,csi_to_pose_lmh/pose_gt_world/proxy_13/standing_still/lmh/lmh_standing_still_t005_proxy13.csv,csi_to_pose_lmh/pose_gt_world/full_33_landmarks/standing_still/lmh/lmh_standing_still_t005_full33.csv
lmh,lmh,standing_still,t006,6,quiet,val,True,True,True,True,csi_to_pose_lmh/csi/safe/posture/standing_still/lmh/lmh_standing_still_t006.csv,csi_to_pose_lmh/pose_gt_world/proxy_13/standing_still/lmh/lmh_standing_still_t006_proxy13.csv,csi_to_pose_lmh/pose_gt_world/full_33_landmarks/standing_still/lmh/lmh_standing_still_t006_full33.csv
lmh,lmh,standing_still,t007,7,quiet,test,True,True,True,True,csi_to_pose_lmh/csi/safe/posture/standing_still/lmh/lmh_standing_still_t007.csv,csi_to_pose_lmh/pose_gt_world/proxy_13/standing_still/lmh/lmh_standing_still_t007_proxy13.csv,csi_to_pose_lmh/pose_gt_world/full_33_landmarks/standing_still/lmh/lmh_standing_still_t007_full33.csv
lmh,lmh,standing_still,t008,8,aircon,train,True,True,True,True,csi_to_pose_lmh/csi/safe/posture/standing_still/lmh/lmh_standing_still_t008.csv,csi_to_pose_lmh/pose_gt_world/proxy_13/standing_still/lmh/lmh_standing_still_t008_proxy13.csv,csi_to_pose_lmh/pose_gt_world/full_33_landmarks/standing_still/lmh/lmh_standing_still_t008_full33.csv
lmh,lmh,standing_still,t009,9,aircon,train,True,True,True,True,csi_to_pose_lmh/csi/safe/posture/standing_still/lmh/lmh_standing_still_t009.csv,csi_to_pose_lmh/pose_gt_world/proxy_13/standing_still/lmh/lmh_standing_still_t009_proxy13.csv,csi_to_pose_lmh/pose_gt_world/full_33_landmarks/standing_still/lmh/lmh_standing_still_t009_full33.csv
lmh,lmh,standing_still,t010,10,aircon,train,True,True,True,True,csi_to_pose_lmh/csi/safe/posture/standing_still/lmh/lmh_standing_still_t010.csv,csi_to_pose_lmh/pose_gt_world/proxy_13/standing_still/lmh/lmh_standing_still_t010_proxy13.csv,csi_to_pose_lmh/pose_gt_world/full_33_landmarks/standing_still/lmh/lmh_standing_still_t010_full33.csv
lmh,lmh,standing_still,t011,11,aircon,train,True,True,True,True,csi_to_pose_lmh/csi/safe/posture/standing_still/lmh/lmh_standing_still_t011.csv,csi_to_pose_lmh/pose_gt_world/proxy_13/standing_still/lmh/lmh_standing_still_t011_proxy13.csv,csi_to_pose_lmh/pose_gt_world/full_33_landmarks/standing_still/lmh/lmh_standing_still_t011_full33.csv
lmh,lmh,standing_still,t012,12,aircon,val,True,True,True,True,csi_to_pose_lmh/csi/safe/posture/standing_still/lmh/lmh_standing_still_t012.csv,csi_to_pose_lmh/pose_gt_world/proxy_13/standing_still/lmh/lmh_standing_still_t012_proxy13.csv,csi_to_pose_lmh/pose_gt_world/full_33_landmarks/standing_still/lmh/lmh_standing_still_t012_full33.csv
lmh,lmh,standing_still,t013,13,aircon,test,True,True,True,True,csi_to_pose_lmh/csi/safe/posture/standing_still/lmh/lmh_standing_still_t013.csv,csi_to_pose_lmh/pose_gt_world/proxy_13/standing_still/lmh/lmh_standing_still_t013_proxy13.csv,csi_to_pose_lmh/pose_gt_world/full_33_landmarks/standing_still/lmh/lmh_standing_still_t013_full33.csv
lmh,lmh,standing_still,t014,14,tv,train,True,True,True,True,csi_to_pose_lmh/csi/safe/posture/standing_still/lmh/lmh_standing_still_t014.csv,csi_to_pose_lmh/pose_gt_world/proxy_13/standing_still/lmh/lmh_standing_still_t014_proxy13.csv,csi_to_pose_lmh/pose_gt_world/full_33_landmarks/standing_still/lmh/lmh_standing_still_t014_full33.csv
lmh,lmh,standing_still,t015,15,tv,train,True,True,True,True,csi_to_pose_lmh/csi/safe/posture/standing_still/lmh/lmh_standing_still_t015.csv,csi_to_pose_lmh/pose_gt_world/proxy_13/standing_still/lmh/lmh_standing_still_t015_proxy13.csv,csi_to_pose_lmh/pose_gt_world/full_33_landmarks/standing_still/lmh/lmh_standing_still_t015_full33.csv
lmh,lmh,standing_still,t016,16,tv,train,True,True,True,True,csi_to_pose_lmh/csi/safe/posture/standing_still/lmh/lmh_standing_still_t016.csv,csi_to_pose_lmh/pose_gt_world/proxy_13/standing_still/lmh/lmh_standing_still_t016_proxy13.csv,csi_to_pose_lmh/pose_gt_world/full_33_landmarks/standing_still/lmh/lmh_standing_still_t016_full33.csv
lmh,lmh,standing_still,t017,17,tv,train,True,True,True,True,csi_to_pose_lmh/csi/safe/posture/standing_still/lmh/lmh_standing_still_t017.csv,csi_to_pose_lmh/pose_gt_world/proxy_13/standing_still/lmh/lmh_standing_still_t017_proxy13.csv,csi_to_pose_lmh/pose_gt_world/full_33_landmarks/standing_still/lmh/lmh_standing_still_t017_full33.csv
lmh,lmh,standing_still,t018,18,tv,val,True,True,True,True,csi_to_pose_lmh/csi/safe/posture/standing_still/lmh/lmh_standing_still_t018.csv,csi_to_pose_lmh/pose_gt_world/proxy_13/standing_still/lmh/lmh_standing_still_t018_proxy13.csv,csi_to_pose_lmh/pose_gt_world/full_33_landmarks/standing_still/lmh/lmh_standing_still_t018_full33.csv
lmh,lmh,standing_still,t019,19,tv,test,True,True,True,True,csi_to_pose_lmh/csi/safe/posture/standing_still/lmh/lmh_standing_still_t019.csv,csi_to_pose_lmh/pose_gt_world/proxy_13/standing_still/lmh/lmh_standing_still_t019_proxy13.csv,csi_to_pose_lmh/pose_gt_world/full_33_landmarks/standing_still/lmh/lmh_standing_still_t019_full33.csv
lmh,lmh,standing_still,t020,20,music,train,True,True,True,True,csi_to_pose_lmh/csi/safe/posture/standing_still/lmh/lmh_standing_still_t020.csv,csi_to_pose_lmh/pose_gt_world/proxy_13/standing_still/lmh/lmh_standing_still_t020_proxy13.csv,csi_to_pose_lmh/pose_gt_world/full_33_landmarks/standing_still/lmh/lmh_standing_still_t020_full33.csv
lmh,lmh,standing_still,t021,21,music,train,True,True,True,True,csi_to_pose_lmh/csi/safe/posture/standing_still/lmh/lmh_standing_still_t021.csv,csi_to_pose_lmh/pose_gt_world/proxy_13/standing_still/lmh/lmh_standing_still_t021_proxy13.csv,csi_to_pose_lmh/pose_gt_world/full_33_landmarks/standing_still/lmh/lmh_standing_still_t021_full33.csv
lmh,lmh,standing_still,t022,22,music,train,True,True,True,True,csi_to_pose_lmh/csi/safe/posture/standing_still/lmh/lmh_standing_still_t022.csv,csi_to_pose_lmh/pose_gt_world/proxy_13/standing_still/lmh/lmh_standing_still_t022_proxy13.csv,csi_to_pose_lmh/pose_gt_world/full_33_landmarks/standing_still/lmh/lmh_standing_still_t022_full33.csv
lmh,lmh,standing_still,t023,23,music,train,True,True,True,True,csi_to_pose_lmh/csi/safe/posture/standing_still/lmh/lmh_standing_still_t023.csv,csi_to_pose_lmh/pose_gt_world/proxy_13/standing_still/lmh/lmh_standing_still_t023_proxy13.csv,csi_to_pose_lmh/pose_gt_world/full_33_landmarks/standing_still/lmh/lmh_standing_still_t023_full33.csv
lmh,lmh,standing_still,t024,24,music,val,True,True,True,True,csi_to_pose_lmh/csi/safe/posture/standing_still/lmh/lmh_standing_still_t024.csv,csi_to_pose_lmh/pose_gt_world/proxy_13/standing_still/lmh/lmh_standing_still_t024_proxy13.csv,csi_to_pose_lmh/pose_gt_world/full_33_landmarks/standing_still/lmh/lmh_standing_still_t024_full33.csv
lmh,lmh,standing_still,t025,25,music,test,True,True,True,True,csi_to_pose_lmh/csi/safe/posture/standing_still/lmh/lmh_standing_still_t025.csv,csi_to_pose_lmh/pose_gt_world/proxy_13/standing_still/lmh/lmh_standing_still_t025_proxy13.csv,csi_to_pose_lmh/pose_gt_world/full_33_landmarks/standing_still/lmh/lmh_standing_still_t025_full33.csv
lmh,lmh,sitting_still,t001,1,quiet,train,True,True,True,True,csi_to_pose_lmh/csi/safe/posture/sitting_still/lmh/lmh_sitting_still_t001.csv,csi_to_pose_lmh/pose_gt_world/proxy_13/sitting_still/lmh/lmh_sitting_still_t001_proxy13.csv,csi_to_pose_lmh/pose_gt_world/full_33_landmarks/sitting_still/lmh/lmh_sitting_still_t001_full33.csv
lmh,lmh,sitting_still,t002,2,quiet,train,True,True,True,True,csi_to_pose_lmh/csi/safe/posture/sitting_still/lmh/lmh_sitting_still_t002.csv,csi_to_pose_lmh/pose_gt_world/proxy_13/sitting_still/lmh/lmh_sitting_still_t002_proxy13.csv,csi_to_pose_lmh/pose_gt_world/full_33_landmarks/sitting_still/lmh/lmh_sitting_still_t002_full33.csv
lmh,lmh,sitting_still,t003,3,quiet,train,True,True,True,True,csi_to_pose_lmh/csi/safe/posture/sitting_still/lmh/lmh_sitting_still_t003.csv,csi_to_pose_lmh/pose_gt_world/proxy_13/sitting_still/lmh/lmh_sitting_still_t003_proxy13.csv,csi_to_pose_lmh/pose_gt_world/full_33_landmarks/sitting_still/lmh/lmh_sitting_still_t003_full33.csv
lmh,lmh,sitting_still,t004,4,quiet,train,True,True,True,True,csi_to_pose_lmh/csi/safe/posture/sitting_still/lmh/lmh_sitting_still_t004.csv,csi_to_pose_lmh/pose_gt_world/proxy_13/sitting_still/lmh/lmh_sitting_still_t004_proxy13.csv,csi_to_pose_lmh/pose_gt_world/full_33_landmarks/sitting_still/lmh/lmh_sitting_still_t004_full33.csv
lmh,lmh,sitting_still,t005,5,quiet,train,True,True,True,True,csi_to_pose_lmh/csi/safe/posture/sitting_still/lmh/lmh_sitting_still_t005.csv,csi_to_pose_lmh/pose_gt_world/proxy_13/sitting_still/lmh/lmh_sitting_still_t005_proxy13.csv,csi_to_pose_lmh/pose_gt_world/full_33_landmarks/sitting_still/lmh/lmh_sitting_still_t005_full33.csv
lmh,lmh,sitting_still,t006,6,quiet,val,True,True,True,True,csi_to_pose_lmh/csi/safe/posture/sitting_still/lmh/lmh_sitting_still_t006.csv,csi_to_pose_lmh/pose_gt_world/proxy_13/sitting_still/lmh/lmh_sitting_still_t006_proxy13.csv,csi_to_pose_lmh/pose_gt_world/full_33_landmarks/sitting_still/lmh/lmh_sitting_still_t006_full33.csv
lmh,lmh,sitting_still,t007,7,quiet,test,True,True,True,True,csi_to_pose_lmh/csi/safe/posture/sitting_still/lmh/lmh_sitting_still_t007.csv,csi_to_pose_lmh/pose_gt_world/proxy_13/sitting_still/lmh/lmh_sitting_still_t007_proxy13.csv,csi_to_pose_lmh/pose_gt_world/full_33_landmarks/sitting_still/lmh/lmh_sitting_still_t007_full33.csv
lmh,lmh,sitting_still,t008,8,aircon,train,True,True,True,True,csi_to_pose_lmh/csi/safe/posture/sitting_still/lmh/lmh_sitting_still_t008.csv,csi_to_pose_lmh/pose_gt_world/proxy_13/sitting_still/lmh/lmh_sitting_still_t008_proxy13.csv,csi_to_pose_lmh/pose_gt_world/full_33_landmarks/sitting_still/lmh/lmh_sitting_still_t008_full33.csv
lmh,lmh,sitting_still,t009,9,aircon,train,True,True,True,True,csi_to_pose_lmh/csi/safe/posture/sitting_still/lmh/lmh_sitting_still_t009.csv,csi_to_pose_lmh/pose_gt_world/proxy_13/sitting_still/lmh/lmh_sitting_still_t009_proxy13.csv,csi_to_pose_lmh/pose_gt_world/full_33_landmarks/sitting_still/lmh/lmh_sitting_still_t009_full33.csv
lmh,lmh,sitting_still,t010,10,aircon,train,True,True,True,True,csi_to_pose_lmh/csi/safe/posture/sitting_still/lmh/lmh_sitting_still_t010.csv,csi_to_pose_lmh/pose_gt_world/proxy_13/sitting_still/lmh/lmh_sitting_still_t010_proxy13.csv,csi_to_pose_lmh/pose_gt_world/full_33_landmarks/sitting_still/lmh/lmh_sitting_still_t010_full33.csv
lmh,lmh,sitting_still,t011,11,aircon,train,True,True,True,True,csi_to_pose_lmh/csi/safe/posture/sitting_still/lmh/lmh_sitting_still_t011.csv,csi_to_pose_lmh/pose_gt_world/proxy_13/sitting_still/lmh/lmh_sitting_still_t011_proxy13.csv,csi_to_pose_lmh/pose_gt_world/full_33_landmarks/sitting_still/lmh/lmh_sitting_still_t011_full33.csv
lmh,lmh,sitting_still,t012,12,aircon,val,True,True,True,True,csi_to_pose_lmh/csi/safe/posture/sitting_still/lmh/lmh_sitting_still_t012.csv,csi_to_pose_lmh/pose_gt_world/proxy_13/sitting_still/lmh/lmh_sitting_still_t012_proxy13.csv,csi_to_pose_lmh/pose_gt_world/full_33_landmarks/sitting_still/lmh/lmh_sitting_still_t012_full33.csv
lmh,lmh,sitting_still,t013,13,aircon,test,True,True,True,True,csi_to_pose_lmh/csi/safe/posture/sitting_still/lmh/lmh_sitting_still_t013.csv,csi_to_pose_lmh/pose_gt_world/proxy_13/sitting_still/lmh/lmh_sitting_still_t013_proxy13.csv,csi_to_pose_lmh/pose_gt_world/full_33_landmarks/sitting_still/lmh/lmh_sitting_still_t013_full33.csv
lmh,lmh,sitting_still,t014,14,tv,train,True,True,True,True,csi_to_pose_lmh/csi/safe/posture/sitting_still/lmh/lmh_sitting_still_t014.csv,csi_to_pose_lmh/pose_gt_world/proxy_13/sitting_still/lmh/lmh_sitting_still_t014_proxy13.csv,csi_to_pose_lmh/pose_gt_world/full_33_landmarks/sitting_still/lmh/lmh_sitting_still_t014_full33.csv
lmh,lmh,sitting_still,t015,15,tv,train,True,True,True,True,csi_to_pose_lmh/csi/safe/posture/sitting_still/lmh/lmh_sitting_still_t015.csv,csi_to_pose_lmh/pose_gt_world/proxy_13/sitting_still/lmh/lmh_sitting_still_t015_proxy13.csv,csi_to_pose_lmh/pose_gt_world/full_33_landmarks/sitting_still/lmh/lmh_sitting_still_t015_full33.csv
lmh,lmh,sitting_still,t016,16,tv,train,True,True,True,True,csi_to_pose_lmh/csi/safe/posture/sitting_still/lmh/lmh_sitting_still_t016.csv,csi_to_pose_lmh/pose_gt_world/proxy_13/sitting_still/lmh/lmh_sitting_still_t016_proxy13.csv,csi_to_pose_lmh/pose_gt_world/full_33_landmarks/sitting_still/lmh/lmh_sitting_still_t016_full33.csv
lmh,lmh,sitting_still,t017,17,tv,train,True,True,True,True,csi_to_pose_lmh/csi/safe/posture/sitting_still/lmh/lmh_sitting_still_t017.csv,csi_to_pose_lmh/pose_gt_world/proxy_13/sitting_still/lmh/lmh_sitting_still_t017_proxy13.csv,csi_to_pose_lmh/pose_gt_world/full_33_landmarks/sitting_still/lmh/lmh_sitting_still_t017_full33.csv
lmh,lmh,sitting_still,t018,18,tv,val,True,True,True,True,csi_to_pose_lmh/csi/safe/posture/sitting_still/lmh/lmh_sitting_still_t018.csv,csi_to_pose_lmh/pose_gt_world/proxy_13/sitting_still/lmh/lmh_sitting_still_t018_proxy13.csv,csi_to_pose_lmh/pose_gt_world/full_33_landmarks/sitting_still/lmh/lmh_sitting_still_t018_full33.csv
lmh,lmh,sitting_still,t019,19,tv,test,True,True,True,True,csi_to_pose_lmh/csi/safe/posture/sitting_still/lmh/lmh_sitting_still_t019.csv,csi_to_pose_lmh/pose_gt_world/proxy_13/sitting_still/lmh/lmh_sitting_still_t019_proxy13.csv,csi_to_pose_lmh/pose_gt_world/full_33_landmarks/sitting_still/lmh/lmh_sitting_still_t019_full33.csv
lmh,lmh,sitting_still,t020,20,music,train,True,True,True,True,csi_to_pose_lmh/csi/safe/posture/sitting_still/lmh/lmh_sitting_still_t020.csv,csi_to_pose_lmh/pose_gt_world/proxy_13/sitting_still/lmh/lmh_sitting_still_t020_proxy13.csv,csi_to_pose_lmh/pose_gt_world/full_33_landmarks/sitting_still/lmh/lmh_sitting_still_t020_full33.csv
lmh,lmh,sitting_still,t021,21,music,train,True,True,True,True,csi_to_pose_lmh/csi/safe/posture/sitting_still/lmh/lmh_sitting_still_t021.csv,csi_to_pose_lmh/pose_gt_world/proxy_13/sitting_still/lmh/lmh_sitting_still_t021_proxy13.csv,csi_to_pose_lmh/pose_gt_world/full_33_landmarks/sitting_still/lmh/lmh_sitting_still_t021_full33.csv
lmh,lmh,sitting_still,t022,22,music,train,True,True,True,True,csi_to_pose_lmh/csi/safe/posture/sitting_still/lmh/lmh_sitting_still_t022.csv,csi_to_pose_lmh/pose_gt_world/proxy_13/sitting_still/lmh/lmh_sitting_still_t022_proxy13.csv,csi_to_pose_lmh/pose_gt_world/full_33_landmarks/sitting_still/lmh/lmh_sitting_still_t022_full33.csv
lmh,lmh,sitting_still,t023,23,music,train,True,True,True,True,csi_to_pose_lmh/csi/safe/posture/sitting_still/lmh/lmh_sitting_still_t023.csv,csi_to_pose_lmh/pose_gt_world/proxy_13/sitting_still/lmh/lmh_sitting_still_t023_proxy13.csv,csi_to_pose_lmh/pose_gt_world/full_33_landmarks/sitting_still/lmh/lmh_sitting_still_t023_full33.csv
lmh,lmh,sitting_still,t024,24,music,val,True,True,True,True,csi_to_pose_lmh/csi/safe/posture/sitting_still/lmh/lmh_sitting_still_t024.csv,csi_to_pose_lmh/pose_gt_world/proxy_13/sitting_still/lmh/lmh_sitting_still_t024_proxy13.csv,csi_to_pose_lmh/pose_gt_world/full_33_landmarks/sitting_still/lmh/lmh_sitting_still_t024_full33.csv
lmh,lmh,sitting_still,t025,25,music,test,True,True,True,True,csi_to_pose_lmh/csi/safe/posture/sitting_still/lmh/lmh_sitting_still_t025.csv,csi_to_pose_lmh/pose_gt_world/proxy_13/sitting_still/lmh/lmh_sitting_still_t025_proxy13.csv,csi_to_pose_lmh/pose_gt_world/full_33_landmarks/sitting_still/lmh/lmh_sitting_still_t025_full33.csv
lmh,lmh,lying_still,t001,1,quiet,train,True,True,True,True,csi_to_pose_lmh/csi/safe/posture/lying_still/lmh/lmh_lying_still_t001.csv,csi_to_pose_lmh/pose_gt_world/proxy_13/lying_still/lmh/lmh_lying_still_t001_proxy13.csv,csi_to_pose_lmh/pose_gt_world/full_33_landmarks/lying_still/lmh/lmh_lying_still_t001_full33.csv
lmh,lmh,lying_still,t002,2,quiet,train,True,True,True,True,csi_to_pose_lmh/csi/safe/posture/lying_still/lmh/lmh_lying_still_t002.csv,csi_to_pose_lmh/pose_gt_world/proxy_13/lying_still/lmh/lmh_lying_still_t002_proxy13.csv,csi_to_pose_lmh/pose_gt_world/full_33_landmarks/lying_still/lmh/lmh_lying_still_t002_full33.csv
lmh,lmh,lying_still,t003,3,quiet,train,True,True,True,True,csi_to_pose_lmh/csi/safe/posture/lying_still/lmh/lmh_lying_still_t003.csv,csi_to_pose_lmh/pose_gt_world/proxy_13/lying_still/lmh/lmh_lying_still_t003_proxy13.csv,csi_to_pose_lmh/pose_gt_world/full_33_landmarks/lying_still/lmh/lmh_lying_still_t003_full33.csv
lmh,lmh,lying_still,t004,4,quiet,train,True,True,True,True,csi_to_pose_lmh/csi/safe/posture/lying_still/lmh/lmh_lying_still_t004.csv,csi_to_pose_lmh/pose_gt_world/proxy_13/lying_still/lmh/lmh_lying_still_t004_proxy13.csv,csi_to_pose_lmh/pose_gt_world/full_33_landmarks/lying_still/lmh/lmh_lying_still_t004_full33.csv
lmh,lmh,lying_still,t005,5,quiet,train,True,True,True,True,csi_to_pose_lmh/csi/safe/posture/lying_still/lmh/lmh_lying_still_t005.csv,csi_to_pose_lmh/pose_gt_world/proxy_13/lying_still/lmh/lmh_lying_still_t005_proxy13.csv,csi_to_pose_lmh/pose_gt_world/full_33_landmarks/lying_still/lmh/lmh_lying_still_t005_full33.csv
lmh,lmh,lying_still,t006,6,quiet,val,True,True,True,True,csi_to_pose_lmh/csi/safe/posture/lying_still/lmh/lmh_lying_still_t006.csv,csi_to_pose_lmh/pose_gt_world/proxy_13/lying_still/lmh/lmh_lying_still_t006_proxy13.csv,csi_to_pose_lmh/pose_gt_world/full_33_landmarks/lying_still/lmh/lmh_lying_still_t006_full33.csv
lmh,lmh,lying_still,t007,7,quiet,test,True,True,True,True,csi_to_pose_lmh/csi/safe/posture/lying_still/lmh/lmh_lying_still_t007.csv,csi_to_pose_lmh/pose_gt_world/proxy_13/lying_still/lmh/lmh_lying_still_t007_proxy13.csv,csi_to_pose_lmh/pose_gt_world/full_33_landmarks/lying_still/lmh/lmh_lying_still_t007_full33.csv
lmh,lmh,lying_still,t008,8,aircon,train,True,True,True,True,csi_to_pose_lmh/csi/safe/posture/lying_still/lmh/lmh_lying_still_t008.csv,csi_to_pose_lmh/pose_gt_world/proxy_13/lying_still/lmh/lmh_lying_still_t008_proxy13.csv,csi_to_pose_lmh/pose_gt_world/full_33_landmarks/lying_still/lmh/lmh_lying_still_t008_full33.csv
lmh,lmh,lying_still,t009,9,aircon,train,True,True,True,True,csi_to_pose_lmh/csi/safe/posture/lying_still/lmh/lmh_lying_still_t009.csv,csi_to_pose_lmh/pose_gt_world/proxy_13/lying_still/lmh/lmh_lying_still_t009_proxy13.csv,csi_to_pose_lmh/pose_gt_world/full_33_landmarks/lying_still/lmh/lmh_lying_still_t009_full33.csv
lmh,lmh,lying_still,t010,10,aircon,train,True,True,True,True,csi_to_pose_lmh/csi/safe/posture/lying_still/lmh/lmh_lying_still_t010.csv,csi_to_pose_lmh/pose_gt_world/proxy_13/lying_still/lmh/lmh_lying_still_t010_proxy13.csv,csi_to_pose_lmh/pose_gt_world/full_33_landmarks/lying_still/lmh/lmh_lying_still_t010_full33.csv
lmh,lmh,lying_still,t011,11,aircon,train,True,True,True,True,csi_to_pose_lmh/csi/safe/posture/lying_still/lmh/lmh_lying_still_t011.csv,csi_to_pose_lmh/pose_gt_world/proxy_13/lying_still/lmh/lmh_lying_still_t011_proxy13.csv,csi_to_pose_lmh/pose_gt_world/full_33_landmarks/lying_still/lmh/lmh_lying_still_t011_full33.csv
lmh,lmh,lying_still,t012,12,aircon,val,True,True,True,True,csi_to_pose_lmh/csi/safe/posture/lying_still/lmh/lmh_lying_still_t012.csv,csi_to_pose_lmh/pose_gt_world/proxy_13/lying_still/lmh/lmh_lying_still_t012_proxy13.csv,csi_to_pose_lmh/pose_gt_world/full_33_landmarks/lying_still/lmh/lmh_lying_still_t012_full33.csv
lmh,lmh,lying_still,t013,13,aircon,test,True,True,True,True,csi_to_pose_lmh/csi/safe/posture/lying_still/lmh/lmh_lying_still_t013.csv,csi_to_pose_lmh/pose_gt_world/proxy_13/lying_still/lmh/lmh_lying_still_t013_proxy13.csv,csi_to_pose_lmh/pose_gt_world/full_33_landmarks/lying_still/lmh/lmh_lying_still_t013_full33.csv
lmh,lmh,lying_still,t014,14,tv,train,True,True,True,True,csi_to_pose_lmh/csi/safe/posture/lying_still/lmh/lmh_lying_still_t014.csv,csi_to_pose_lmh/pose_gt_world/proxy_13/lying_still/lmh/lmh_lying_still_t014_proxy13.csv,csi_to_pose_lmh/pose_gt_world/full_33_landmarks/lying_still/lmh/lmh_lying_still_t014_full33.csv
lmh,lmh,lying_still,t015,15,tv,train,True,True,True,True,csi_to_pose_lmh/csi/safe/posture/lying_still/lmh/lmh_lying_still_t015.csv,csi_to_pose_lmh/pose_gt_world/proxy_13/lying_still/lmh/lmh_lying_still_t015_proxy13.csv,csi_to_pose_lmh/pose_gt_world/full_33_landmarks/lying_still/lmh/lmh_lying_still_t015_full33.csv
lmh,lmh,lying_still,t016,16,tv,train,True,True,True,True,csi_to_pose_lmh/csi/safe/posture/lying_still/lmh/lmh_lying_still_t016.csv,csi_to_pose_lmh/pose_gt_world/proxy_13/lying_still/lmh/lmh_lying_still_t016_proxy13.csv,csi_to_pose_lmh/pose_gt_world/full_33_landmarks/lying_still/lmh/lmh_lying_still_t016_full33.csv
lmh,lmh,lying_still,t017,17,tv,train,True,True,True,True,csi_to_pose_lmh/csi/safe/posture/lying_still/lmh/lmh_lying_still_t017.csv,csi_to_pose_lmh/pose_gt_world/proxy_13/lying_still/lmh/lmh_lying_still_t017_proxy13.csv,csi_to_pose_lmh/pose_gt_world/full_33_landmarks/lying_still/lmh/lmh_lying_still_t017_full33.csv
lmh,lmh,lying_still,t018,18,tv,val,True,True,True,True,csi_to_pose_lmh/csi/safe/posture/lying_still/lmh/lmh_lying_still_t018.csv,csi_to_pose_lmh/pose_gt_world/proxy_13/lying_still/lmh/lmh_lying_still_t018_proxy13.csv,csi_to_pose_lmh/pose_gt_world/full_33_landmarks/lying_still/lmh/lmh_lying_still_t018_full33.csv
lmh,lmh,lying_still,t019,19,tv,test,True,True,True,True,csi_to_pose_lmh/csi/safe/posture/lying_still/lmh/lmh_lying_still_t019.csv,csi_to_pose_lmh/pose_gt_world/proxy_13/lying_still/lmh/lmh_lying_still_t019_proxy13.csv,csi_to_pose_lmh/pose_gt_world/full_33_landmarks/lying_still/lmh/lmh_lying_still_t019_full33.csv
lmh,lmh,lying_still,t020,20,music,train,True,True,True,True,csi_to_pose_lmh/csi/safe/posture/lying_still/lmh/lmh_lying_still_t020.csv,csi_to_pose_lmh/pose_gt_world/proxy_13/lying_still/lmh/lmh_lying_still_t020_proxy13.csv,csi_to_pose_lmh/pose_gt_world/full_33_landmarks/lying_still/lmh/lmh_lying_still_t020_full33.csv
lmh,lmh,lying_still,t021,21,music,train,True,True,True,True,csi_to_pose_lmh/csi/safe/posture/lying_still/lmh/lmh_lying_still_t021.csv,csi_to_pose_lmh/pose_gt_world/proxy_13/lying_still/lmh/lmh_lying_still_t021_proxy13.csv,csi_to_pose_lmh/pose_gt_world/full_33_landmarks/lying_still/lmh/lmh_lying_still_t021_full33.csv
lmh,lmh,lying_still,t022,22,music,train,True,True,True,True,csi_to_pose_lmh/csi/safe/posture/lying_still/lmh/lmh_lying_still_t022.csv,csi_to_pose_lmh/pose_gt_world/proxy_13/lying_still/lmh/lmh_lying_still_t022_proxy13.csv,csi_to_pose_lmh/pose_gt_world/full_33_landmarks/lying_still/lmh/lmh_lying_still_t022_full33.csv
lmh,lmh,lying_still,t023,23,music,train,True,True,True,True,csi_to_pose_lmh/csi/safe/posture/lying_still/lmh/lmh_lying_still_t023.csv,csi_to_pose_lmh/pose_gt_world/proxy_13/lying_still/lmh/lmh_lying_still_t023_proxy13.csv,csi_to_pose_lmh/pose_gt_world/full_33_landmarks/lying_still/lmh/lmh_lying_still_t023_full33.csv
lmh,lmh,lying_still,t024,24,music,val,True,True,True,True,csi_to_pose_lmh/csi/safe/posture/lying_still/lmh/lmh_lying_still_t024.csv,csi_to_pose_lmh/pose_gt_world/proxy_13/lying_still/lmh/lmh_lying_still_t024_proxy13.csv,csi_to_pose_lmh/pose_gt_world/full_33_landmarks/lying_still/lmh/lmh_lying_still_t024_full33.csv
lmh,lmh,lying_still,t025,25,music,test,True,True,True,True,csi_to_pose_lmh/csi/safe/posture/lying_still/lmh/lmh_lying_still_t025.csv,csi_to_pose_lmh/pose_gt_world/proxy_13/lying_still/lmh/lmh_lying_still_t025_proxy13.csv,csi_to_pose_lmh/pose_gt_world/full_33_landmarks/lying_still/lmh/lmh_lying_still_t025_full33.csv
lmh,lmh,walking,t001,1,quiet,train,True,True,True,True,csi_to_pose_lmh/csi/safe/motion/walking/lmh/lmh_walking_t001.csv,csi_to_pose_lmh/pose_gt_world/proxy_13/walking/lmh/lmh_walking_t001_proxy13.csv,csi_to_pose_lmh/pose_gt_world/full_33_landmarks/walking/lmh/lmh_walking_t001_full33.csv
lmh,lmh,walking,t002,2,quiet,train,True,True,True,True,csi_to_pose_lmh/csi/safe/motion/walking/lmh/lmh_walking_t002.csv,csi_to_pose_lmh/pose_gt_world/proxy_13/walking/lmh/lmh_walking_t002_proxy13.csv,csi_to_pose_lmh/pose_gt_world/full_33_landmarks/walking/lmh/lmh_walking_t002_full33.csv
lmh,lmh,walking,t003,3,quiet,train,True,True,True,True,csi_to_pose_lmh/csi/safe/motion/walking/lmh/lmh_walking_t003.csv,csi_to_pose_lmh/pose_gt_world/proxy_13/walking/lmh/lmh_walking_t003_proxy13.csv,csi_to_pose_lmh/pose_gt_world/full_33_landmarks/walking/lmh/lmh_walking_t003_full33.csv
lmh,lmh,walking,t004,4,quiet,train,True,True,True,True,csi_to_pose_lmh/csi/safe/motion/walking/lmh/lmh_walking_t004.csv,csi_to_pose_lmh/pose_gt_world/proxy_13/walking/lmh/lmh_walking_t004_proxy13.csv,csi_to_pose_lmh/pose_gt_world/full_33_landmarks/walking/lmh/lmh_walking_t004_full33.csv
lmh,lmh,walking,t005,5,quiet,train,True,True,True,True,csi_to_pose_lmh/csi/safe/motion/walking/lmh/lmh_walking_t005.csv,csi_to_pose_lmh/pose_gt_world/proxy_13/walking/lmh/lmh_walking_t005_proxy13.csv,csi_to_pose_lmh/pose_gt_world/full_33_landmarks/walking/lmh/lmh_walking_t005_full33.csv
lmh,lmh,walking,t006,6,quiet,val,True,True,True,True,csi_to_pose_lmh/csi/safe/motion/walking/lmh/lmh_walking_t006.csv,csi_to_pose_lmh/pose_gt_world/proxy_13/walking/lmh/lmh_walking_t006_proxy13.csv,csi_to_pose_lmh/pose_gt_world/full_33_landmarks/walking/lmh/lmh_walking_t006_full33.csv
lmh,lmh,walking,t007,7,quiet,test,True,True,True,True,csi_to_pose_lmh/csi/safe/motion/walking/lmh/lmh_walking_t007.csv,csi_to_pose_lmh/pose_gt_world/proxy_13/walking/lmh/lmh_walking_t007_proxy13.csv,csi_to_pose_lmh/pose_gt_world/full_33_landmarks/walking/lmh/lmh_walking_t007_full33.csv
lmh,lmh,walking,t008,8,aircon,train,True,True,True,True,csi_to_pose_lmh/csi/safe/motion/walking/lmh/lmh_walking_t008.csv,csi_to_pose_lmh/pose_gt_world/proxy_13/walking/lmh/lmh_walking_t008_proxy13.csv,csi_to_pose_lmh/pose_gt_world/full_33_landmarks/walking/lmh/lmh_walking_t008_full33.csv
lmh,lmh,walking,t009,9,aircon,train,True,True,True,True,csi_to_pose_lmh/csi/safe/motion/walking/lmh/lmh_walking_t009.csv,csi_to_pose_lmh/pose_gt_world/proxy_13/walking/lmh/lmh_walking_t009_proxy13.csv,csi_to_pose_lmh/pose_gt_world/full_33_landmarks/walking/lmh/lmh_walking_t009_full33.csv
lmh,lmh,walking,t010,10,aircon,train,True,True,True,True,csi_to_pose_lmh/csi/safe/motion/walking/lmh/lmh_walking_t010.csv,csi_to_pose_lmh/pose_gt_world/proxy_13/walking/lmh/lmh_walking_t010_proxy13.csv,csi_to_pose_lmh/pose_gt_world/full_33_landmarks/walking/lmh/lmh_walking_t010_full33.csv
lmh,lmh,walking,t011,11,aircon,train,True,True,True,True,csi_to_pose_lmh/csi/safe/motion/walking/lmh/lmh_walking_t011.csv,csi_to_pose_lmh/pose_gt_world/proxy_13/walking/lmh/lmh_walking_t011_proxy13.csv,csi_to_pose_lmh/pose_gt_world/full_33_landmarks/walking/lmh/lmh_walking_t011_full33.csv
lmh,lmh,walking,t012,12,aircon,val,True,True,True,True,csi_to_pose_lmh/csi/safe/motion/walking/lmh/lmh_walking_t012.csv,csi_to_pose_lmh/pose_gt_world/proxy_13/walking/lmh/lmh_walking_t012_proxy13.csv,csi_to_pose_lmh/pose_gt_world/full_33_landmarks/walking/lmh/lmh_walking_t012_full33.csv
lmh,lmh,walking,t013,13,aircon,test,True,True,True,True,csi_to_pose_lmh/csi/safe/motion/walking/lmh/lmh_walking_t013.csv,csi_to_pose_lmh/pose_gt_world/proxy_13/walking/lmh/lmh_walking_t013_proxy13.csv,csi_to_pose_lmh/pose_gt_world/full_33_landmarks/walking/lmh/lmh_walking_t013_full33.csv
lmh,lmh,walking,t014,14,tv,train,True,True,True,True,csi_to_pose_lmh/csi/safe/motion/walking/lmh/lmh_walking_t014.csv,csi_to_pose_lmh/pose_gt_world/proxy_13/walking/lmh/lmh_walking_t014_proxy13.csv,csi_to_pose_lmh/pose_gt_world/full_33_landmarks/walking/lmh/lmh_walking_t014_full33.csv
lmh,lmh,walking,t015,15,tv,train,True,True,True,True,csi_to_pose_lmh/csi/safe/motion/walking/lmh/lmh_walking_t015.csv,csi_to_pose_lmh/pose_gt_world/proxy_13/walking/lmh/lmh_walking_t015_proxy13.csv,csi_to_pose_lmh/pose_gt_world/full_33_landmarks/walking/lmh/lmh_walking_t015_full33.csv
lmh,lmh,walking,t016,16,tv,train,True,True,True,True,csi_to_pose_lmh/csi/safe/motion/walking/lmh/lmh_walking_t016.csv,csi_to_pose_lmh/pose_gt_world/proxy_13/walking/lmh/lmh_walking_t016_proxy13.csv,csi_to_pose_lmh/pose_gt_world/full_33_landmarks/walking/lmh/lmh_walking_t016_full33.csv
lmh,lmh,walking,t017,17,tv,train,True,True,True,True,csi_to_pose_lmh/csi/safe/motion/walking/lmh/lmh_walking_t017.csv,csi_to_pose_lmh/pose_gt_world/proxy_13/walking/lmh/lmh_walking_t017_proxy13.csv,csi_to_pose_lmh/pose_gt_world/full_33_landmarks/walking/lmh/lmh_walking_t017_full33.csv
lmh,lmh,walking,t018,18,tv,val,True,True,True,True,csi_to_pose_lmh/csi/safe/motion/walking/lmh/lmh_walking_t018.csv,csi_to_pose_lmh/pose_gt_world/proxy_13/walking/lmh/lmh_walking_t018_proxy13.csv,csi_to_pose_lmh/pose_gt_world/full_33_landmarks/walking/lmh/lmh_walking_t018_full33.csv
lmh,lmh,walking,t019,19,tv,test,True,True,True,True,csi_to_pose_lmh/csi/safe/motion/walking/lmh/lmh_walking_t019.csv,csi_to_pose_lmh/pose_gt_world/proxy_13/walking/lmh/lmh_walking_t019_proxy13.csv,csi_to_pose_lmh/pose_gt_world/full_33_landmarks/walking/lmh/lmh_walking_t019_full33.csv
lmh,lmh,walking,t020,20,music,train,True,True,True,True,csi_to_pose_lmh/csi/safe/motion/walking/lmh/lmh_walking_t020.csv,csi_to_pose_lmh/pose_gt_world/proxy_13/walking/lmh/lmh_walking_t020_proxy13.csv,csi_to_pose_lmh/pose_gt_world/full_33_landmarks/walking/lmh/lmh_walking_t020_full33.csv
lmh,lmh,walking,t021,21,music,train,True,True,True,True,csi_to_pose_lmh/csi/safe/motion/walking/lmh/lmh_walking_t021.csv,csi_to_pose_lmh/pose_gt_world/proxy_13/walking/lmh/lmh_walking_t021_proxy13.csv,csi_to_pose_lmh/pose_gt_world/full_33_landmarks/walking/lmh/lmh_walking_t021_full33.csv
lmh,lmh,walking,t022,22,music,train,True,True,True,True,csi_to_pose_lmh/csi/safe/motion/walking/lmh/lmh_walking_t022.csv,csi_to_pose_lmh/pose_gt_world/proxy_13/walking/lmh/lmh_walking_t022_proxy13.csv,csi_to_pose_lmh/pose_gt_world/full_33_landmarks/walking/lmh/lmh_walking_t022_full33.csv
lmh,lmh,walking,t023,23,music,train,True,True,True,True,csi_to_pose_lmh/csi/safe/motion/walking/lmh/lmh_walking_t023.csv,csi_to_pose_lmh/pose_gt_world/proxy_13/walking/lmh/lmh_walking_t023_proxy13.csv,csi_to_pose_lmh/pose_gt_world/full_33_landmarks/walking/lmh/lmh_walking_t023_full33.csv
lmh,lmh,walking,t024,24,music,val,True,True,True,True,csi_to_pose_lmh/csi/safe/motion/walking/lmh/lmh_walking_t024.csv,csi_to_pose_lmh/pose_gt_world/proxy_13/walking/lmh/lmh_walking_t024_proxy13.csv,csi_to_pose_lmh/pose_gt_world/full_33_landmarks/walking/lmh/lmh_walking_t024_full33.csv
lmh,lmh,walking,t025,25,music,test,True,True,True,True,csi_to_pose_lmh/csi/safe/motion/walking/lmh/lmh_walking_t025.csv,csi_to_pose_lmh/pose_gt_world/proxy_13/walking/lmh/lmh_walking_t025_proxy13.csv,csi_to_pose_lmh/pose_gt_world/full_33_landmarks/walking/lmh/lmh_walking_t025_full33.csv
lmh,lmh,sit_to_stand,t001,1,quiet,train,True,True,True,True,csi_to_pose_lmh/csi/safe/transition/sit_to_stand/lmh/lmh_sit_to_stand_t001.csv,csi_to_pose_lmh/pose_gt_world/proxy_13/sit_to_stand/lmh/lmh_sit_to_stand_t001_proxy13.csv,csi_to_pose_lmh/pose_gt_world/full_33_landmarks/sit_to_stand/lmh/lmh_sit_to_stand_t001_full33.csv
lmh,lmh,sit_to_stand,t002,2,quiet,train,True,True,True,True,csi_to_pose_lmh/csi/safe/transition/sit_to_stand/lmh/lmh_sit_to_stand_t002.csv,csi_to_pose_lmh/pose_gt_world/proxy_13/sit_to_stand/lmh/lmh_sit_to_stand_t002_proxy13.csv,csi_to_pose_lmh/pose_gt_world/full_33_landmarks/sit_to_stand/lmh/lmh_sit_to_stand_t002_full33.csv
lmh,lmh,sit_to_stand,t003,3,quiet,train,True,True,True,True,csi_to_pose_lmh/csi/safe/transition/sit_to_stand/lmh/lmh_sit_to_stand_t003.csv,csi_to_pose_lmh/pose_gt_world/proxy_13/sit_to_stand/lmh/lmh_sit_to_stand_t003_proxy13.csv,csi_to_pose_lmh/pose_gt_world/full_33_landmarks/sit_to_stand/lmh/lmh_sit_to_stand_t003_full33.csv
lmh,lmh,sit_to_stand,t004,4,quiet,train,True,True,True,True,csi_to_pose_lmh/csi/safe/transition/sit_to_stand/lmh/lmh_sit_to_stand_t004.csv,csi_to_pose_lmh/pose_gt_world/proxy_13/sit_to_stand/lmh/lmh_sit_to_stand_t004_proxy13.csv,csi_to_pose_lmh/pose_gt_world/full_33_landmarks/sit_to_stand/lmh/lmh_sit_to_stand_t004_full33.csv
lmh,lmh,sit_to_stand,t005,5,quiet,train,True,True,True,True,csi_to_pose_lmh/csi/safe/transition/sit_to_stand/lmh/lmh_sit_to_stand_t005.csv,csi_to_pose_lmh/pose_gt_world/proxy_13/sit_to_stand/lmh/lmh_sit_to_stand_t005_proxy13.csv,csi_to_pose_lmh/pose_gt_world/full_33_landmarks/sit_to_stand/lmh/lmh_sit_to_stand_t005_full33.csv
lmh,lmh,sit_to_stand,t006,6,quiet,val,True,True,True,True,csi_to_pose_lmh/csi/safe/transition/sit_to_stand/lmh/lmh_sit_to_stand_t006.csv,csi_to_pose_lmh/pose_gt_world/proxy_13/sit_to_stand/lmh/lmh_sit_to_stand_t006_proxy13.csv,csi_to_pose_lmh/pose_gt_world/full_33_landmarks/sit_to_stand/lmh/lmh_sit_to_stand_t006_full33.csv
lmh,lmh,sit_to_stand,t007,7,quiet,test,True,True,True,True,csi_to_pose_lmh/csi/safe/transition/sit_to_stand/lmh/lmh_sit_to_stand_t007.csv,csi_to_pose_lmh/pose_gt_world/proxy_13/sit_to_stand/lmh/lmh_sit_to_stand_t007_proxy13.csv,csi_to_pose_lmh/pose_gt_world/full_33_landmarks/sit_to_stand/lmh/lmh_sit_to_stand_t007_full33.csv
lmh,lmh,sit_to_stand,t008,8,aircon,train,True,True,True,True,csi_to_pose_lmh/csi/safe/transition/sit_to_stand/lmh/lmh_sit_to_stand_t008.csv,csi_to_pose_lmh/pose_gt_world/proxy_13/sit_to_stand/lmh/lmh_sit_to_stand_t008_proxy13.csv,csi_to_pose_lmh/pose_gt_world/full_33_landmarks/sit_to_stand/lmh/lmh_sit_to_stand_t008_full33.csv
lmh,lmh,sit_to_stand,t009,9,aircon,train,True,True,True,True,csi_to_pose_lmh/csi/safe/transition/sit_to_stand/lmh/lmh_sit_to_stand_t009.csv,csi_to_pose_lmh/pose_gt_world/proxy_13/sit_to_stand/lmh/lmh_sit_to_stand_t009_proxy13.csv,csi_to_pose_lmh/pose_gt_world/full_33_landmarks/sit_to_stand/lmh/lmh_sit_to_stand_t009_full33.csv
lmh,lmh,sit_to_stand,t010,10,aircon,train,True,True,True,True,csi_to_pose_lmh/csi/safe/transition/sit_to_stand/lmh/lmh_sit_to_stand_t010.csv,csi_to_pose_lmh/pose_gt_world/proxy_13/sit_to_stand/lmh/lmh_sit_to_stand_t010_proxy13.csv,csi_to_pose_lmh/pose_gt_world/full_33_landmarks/sit_to_stand/lmh/lmh_sit_to_stand_t010_full33.csv
lmh,lmh,sit_to_stand,t011,11,aircon,train,True,True,True,True,csi_to_pose_lmh/csi/safe/transition/sit_to_stand/lmh/lmh_sit_to_stand_t011.csv,csi_to_pose_lmh/pose_gt_world/proxy_13/sit_to_stand/lmh/lmh_sit_to_stand_t011_proxy13.csv,csi_to_pose_lmh/pose_gt_world/full_33_landmarks/sit_to_stand/lmh/lmh_sit_to_stand_t011_full33.csv
lmh,lmh,sit_to_stand,t012,12,aircon,val,True,True,True,True,csi_to_pose_lmh/csi/safe/transition/sit_to_stand/lmh/lmh_sit_to_stand_t012.csv,csi_to_pose_lmh/pose_gt_world/proxy_13/sit_to_stand/lmh/lmh_sit_to_stand_t012_proxy13.csv,csi_to_pose_lmh/pose_gt_world/full_33_landmarks/sit_to_stand/lmh/lmh_sit_to_stand_t012_full33.csv
lmh,lmh,sit_to_stand,t013,13,aircon,test,True,True,True,True,csi_to_pose_lmh/csi/safe/transition/sit_to_stand/lmh/lmh_sit_to_stand_t013.csv,csi_to_pose_lmh/pose_gt_world/proxy_13/sit_to_stand/lmh/lmh_sit_to_stand_t013_proxy13.csv,csi_to_pose_lmh/pose_gt_world/full_33_landmarks/sit_to_stand/lmh/lmh_sit_to_stand_t013_full33.csv
lmh,lmh,sit_to_stand,t014,14,tv,train,True,True,True,True,csi_to_pose_lmh/csi/safe/transition/sit_to_stand/lmh/lmh_sit_to_stand_t014.csv,csi_to_pose_lmh/pose_gt_world/proxy_13/sit_to_stand/lmh/lmh_sit_to_stand_t014_proxy13.csv,csi_to_pose_lmh/pose_gt_world/full_33_landmarks/sit_to_stand/lmh/lmh_sit_to_stand_t014_full33.csv
lmh,lmh,sit_to_stand,t015,15,tv,train,True,True,True,True,csi_to_pose_lmh/csi/safe/transition/sit_to_stand/lmh/lmh_sit_to_stand_t015.csv,csi_to_pose_lmh/pose_gt_world/proxy_13/sit_to_stand/lmh/lmh_sit_to_stand_t015_proxy13.csv,csi_to_pose_lmh/pose_gt_world/full_33_landmarks/sit_to_stand/lmh/lmh_sit_to_stand_t015_full33.csv
lmh,lmh,sit_to_stand,t016,16,tv,train,True,True,True,True,csi_to_pose_lmh/csi/safe/transition/sit_to_stand/lmh/lmh_sit_to_stand_t016.csv,csi_to_pose_lmh/pose_gt_world/proxy_13/sit_to_stand/lmh/lmh_sit_to_stand_t016_proxy13.csv,csi_to_pose_lmh/pose_gt_world/full_33_landmarks/sit_to_stand/lmh/lmh_sit_to_stand_t016_full33.csv
lmh,lmh,sit_to_stand,t017,17,tv,train,True,True,True,True,csi_to_pose_lmh/csi/safe/transition/sit_to_stand/lmh/lmh_sit_to_stand_t017.csv,csi_to_pose_lmh/pose_gt_world/proxy_13/sit_to_stand/lmh/lmh_sit_to_stand_t017_proxy13.csv,csi_to_pose_lmh/pose_gt_world/full_33_landmarks/sit_to_stand/lmh/lmh_sit_to_stand_t017_full33.csv
lmh,lmh,sit_to_stand,t018,18,tv,val,True,True,True,True,csi_to_pose_lmh/csi/safe/transition/sit_to_stand/lmh/lmh_sit_to_stand_t018.csv,csi_to_pose_lmh/pose_gt_world/proxy_13/sit_to_stand/lmh/lmh_sit_to_stand_t018_proxy13.csv,csi_to_pose_lmh/pose_gt_world/full_33_landmarks/sit_to_stand/lmh/lmh_sit_to_stand_t018_full33.csv
lmh,lmh,sit_to_stand,t019,19,tv,test,True,True,True,True,csi_to_pose_lmh/csi/safe/transition/sit_to_stand/lmh/lmh_sit_to_stand_t019.csv,csi_to_pose_lmh/pose_gt_world/proxy_13/sit_to_stand/lmh/lmh_sit_to_stand_t019_proxy13.csv,csi_to_pose_lmh/pose_gt_world/full_33_landmarks/sit_to_stand/lmh/lmh_sit_to_stand_t019_full33.csv
lmh,lmh,sit_to_stand,t020,20,music,train,True,True,True,True,csi_to_pose_lmh/csi/safe/transition/sit_to_stand/lmh/lmh_sit_to_stand_t020.csv,csi_to_pose_lmh/pose_gt_world/proxy_13/sit_to_stand/lmh/lmh_sit_to_stand_t020_proxy13.csv,csi_to_pose_lmh/pose_gt_world/full_33_landmarks/sit_to_stand/lmh/lmh_sit_to_stand_t020_full33.csv
lmh,lmh,sit_to_stand,t021,21,music,train,True,True,True,True,csi_to_pose_lmh/csi/safe/transition/sit_to_stand/lmh/lmh_sit_to_stand_t021.csv,csi_to_pose_lmh/pose_gt_world/proxy_13/sit_to_stand/lmh/lmh_sit_to_stand_t021_proxy13.csv,csi_to_pose_lmh/pose_gt_world/full_33_landmarks/sit_to_stand/lmh/lmh_sit_to_stand_t021_full33.csv
lmh,lmh,sit_to_stand,t022,22,music,train,True,True,True,True,csi_to_pose_lmh/csi/safe/transition/sit_to_stand/lmh/lmh_sit_to_stand_t022.csv,csi_to_pose_lmh/pose_gt_world/proxy_13/sit_to_stand/lmh/lmh_sit_to_stand_t022_proxy13.csv,csi_to_pose_lmh/pose_gt_world/full_33_landmarks/sit_to_stand/lmh/lmh_sit_to_stand_t022_full33.csv
lmh,lmh,sit_to_stand,t023,23,music,train,True,True,True,True,csi_to_pose_lmh/csi/safe/transition/sit_to_stand/lmh/lmh_sit_to_stand_t023.csv,csi_to_pose_lmh/pose_gt_world/proxy_13/sit_to_stand/lmh/lmh_sit_to_stand_t023_proxy13.csv,csi_to_pose_lmh/pose_gt_world/full_33_landmarks/sit_to_stand/lmh/lmh_sit_to_stand_t023_full33.csv
lmh,lmh,sit_to_stand,t024,24,music,val,True,True,True,True,csi_to_pose_lmh/csi/safe/transition/sit_to_stand/lmh/lmh_sit_to_stand_t024.csv,csi_to_pose_lmh/pose_gt_world/proxy_13/sit_to_stand/lmh/lmh_sit_to_stand_t024_proxy13.csv,csi_to_pose_lmh/pose_gt_world/full_33_landmarks/sit_to_stand/lmh/lmh_sit_to_stand_t024_full33.csv
lmh,lmh,sit_to_stand,t025,25,music,test,True,True,True,True,csi_to_pose_lmh/csi/safe/transition/sit_to_stand/lmh/lmh_sit_to_stand_t025.csv,csi_to_pose_lmh/pose_gt_world/proxy_13/sit_to_stand/lmh/lmh_sit_to_stand_t025_proxy13.csv,csi_to_pose_lmh/pose_gt_world/full_33_landmarks/sit_to_stand/lmh/lmh_sit_to_stand_t025_full33.csv
lmh,lmh,stand_to_sit,t001,1,quiet,train,True,True,True,True,csi_to_pose_lmh/csi/safe/transition/stand_to_sit/lmh/lmh_stand_to_sit_t001.csv,csi_to_pose_lmh/pose_gt_world/proxy_13/stand_to_sit/lmh/lmh_stand_to_sit_t001_proxy13.csv,csi_to_pose_lmh/pose_gt_world/full_33_landmarks/stand_to_sit/lmh/lmh_stand_to_sit_t001_full33.csv
lmh,lmh,stand_to_sit,t002,2,quiet,train,True,True,True,True,csi_to_pose_lmh/csi/safe/transition/stand_to_sit/lmh/lmh_stand_to_sit_t002.csv,csi_to_pose_lmh/pose_gt_world/proxy_13/stand_to_sit/lmh/lmh_stand_to_sit_t002_proxy13.csv,csi_to_pose_lmh/pose_gt_world/full_33_landmarks/stand_to_sit/lmh/lmh_stand_to_sit_t002_full33.csv
lmh,lmh,stand_to_sit,t003,3,quiet,train,True,True,True,True,csi_to_pose_lmh/csi/safe/transition/stand_to_sit/lmh/lmh_stand_to_sit_t003.csv,csi_to_pose_lmh/pose_gt_world/proxy_13/stand_to_sit/lmh/lmh_stand_to_sit_t003_proxy13.csv,csi_to_pose_lmh/pose_gt_world/full_33_landmarks/stand_to_sit/lmh/lmh_stand_to_sit_t003_full33.csv
lmh,lmh,stand_to_sit,t004,4,quiet,train,True,True,True,True,csi_to_pose_lmh/csi/safe/transition/stand_to_sit/lmh/lmh_stand_to_sit_t004.csv,csi_to_pose_lmh/pose_gt_world/proxy_13/stand_to_sit/lmh/lmh_stand_to_sit_t004_proxy13.csv,csi_to_pose_lmh/pose_gt_world/full_33_landmarks/stand_to_sit/lmh/lmh_stand_to_sit_t004_full33.csv
lmh,lmh,stand_to_sit,t005,5,quiet,train,True,True,True,True,csi_to_pose_lmh/csi/safe/transition/stand_to_sit/lmh/lmh_stand_to_sit_t005.csv,csi_to_pose_lmh/pose_gt_world/proxy_13/stand_to_sit/lmh/lmh_stand_to_sit_t005_proxy13.csv,csi_to_pose_lmh/pose_gt_world/full_33_landmarks/stand_to_sit/lmh/lmh_stand_to_sit_t005_full33.csv
lmh,lmh,stand_to_sit,t006,6,quiet,val,True,True,True,True,csi_to_pose_lmh/csi/safe/transition/stand_to_sit/lmh/lmh_stand_to_sit_t006.csv,csi_to_pose_lmh/pose_gt_world/proxy_13/stand_to_sit/lmh/lmh_stand_to_sit_t006_proxy13.csv,csi_to_pose_lmh/pose_gt_world/full_33_landmarks/stand_to_sit/lmh/lmh_stand_to_sit_t006_full33.csv
lmh,lmh,stand_to_sit,t007,7,quiet,test,True,True,True,True,csi_to_pose_lmh/csi/safe/transition/stand_to_sit/lmh/lmh_stand_to_sit_t007.csv,csi_to_pose_lmh/pose_gt_world/proxy_13/stand_to_sit/lmh/lmh_stand_to_sit_t007_proxy13.csv,csi_to_pose_lmh/pose_gt_world/full_33_landmarks/stand_to_sit/lmh/lmh_stand_to_sit_t007_full33.csv
lmh,lmh,stand_to_sit,t008,8,aircon,train,True,True,True,True,csi_to_pose_lmh/csi/safe/transition/stand_to_sit/lmh/lmh_stand_to_sit_t008.csv,csi_to_pose_lmh/pose_gt_world/proxy_13/stand_to_sit/lmh/lmh_stand_to_sit_t008_proxy13.csv,csi_to_pose_lmh/pose_gt_world/full_33_landmarks/stand_to_sit/lmh/lmh_stand_to_sit_t008_full33.csv
lmh,lmh,stand_to_sit,t009,9,aircon,train,True,True,True,True,csi_to_pose_lmh/csi/safe/transition/stand_to_sit/lmh/lmh_stand_to_sit_t009.csv,csi_to_pose_lmh/pose_gt_world/proxy_13/stand_to_sit/lmh/lmh_stand_to_sit_t009_proxy13.csv,csi_to_pose_lmh/pose_gt_world/full_33_landmarks/stand_to_sit/lmh/lmh_stand_to_sit_t009_full33.csv
lmh,lmh,stand_to_sit,t010,10,aircon,train,True,True,True,True,csi_to_pose_lmh/csi/safe/transition/stand_to_sit/lmh/lmh_stand_to_sit_t010.csv,csi_to_pose_lmh/pose_gt_world/proxy_13/stand_to_sit/lmh/lmh_stand_to_sit_t010_proxy13.csv,csi_to_pose_lmh/pose_gt_world/full_33_landmarks/stand_to_sit/lmh/lmh_stand_to_sit_t010_full33.csv
lmh,lmh,stand_to_sit,t011,11,aircon,train,True,True,True,True,csi_to_pose_lmh/csi/safe/transition/stand_to_sit/lmh/lmh_stand_to_sit_t011.csv,csi_to_pose_lmh/pose_gt_world/proxy_13/stand_to_sit/lmh/lmh_stand_to_sit_t011_proxy13.csv,csi_to_pose_lmh/pose_gt_world/full_33_landmarks/stand_to_sit/lmh/lmh_stand_to_sit_t011_full33.csv
lmh,lmh,stand_to_sit,t012,12,aircon,val,True,True,True,True,csi_to_pose_lmh/csi/safe/transition/stand_to_sit/lmh/lmh_stand_to_sit_t012.csv,csi_to_pose_lmh/pose_gt_world/proxy_13/stand_to_sit/lmh/lmh_stand_to_sit_t012_proxy13.csv,csi_to_pose_lmh/pose_gt_world/full_33_landmarks/stand_to_sit/lmh/lmh_stand_to_sit_t012_full33.csv
lmh,lmh,stand_to_sit,t013,13,aircon,test,True,True,True,True,csi_to_pose_lmh/csi/safe/transition/stand_to_sit/lmh/lmh_stand_to_sit_t013.csv,csi_to_pose_lmh/pose_gt_world/proxy_13/stand_to_sit/lmh/lmh_stand_to_sit_t013_proxy13.csv,csi_to_pose_lmh/pose_gt_world/full_33_landmarks/stand_to_sit/lmh/lmh_stand_to_sit_t013_full33.csv
lmh,lmh,stand_to_sit,t014,14,tv,train,True,True,True,True,csi_to_pose_lmh/csi/safe/transition/stand_to_sit/lmh/lmh_stand_to_sit_t014.csv,csi_to_pose_lmh/pose_gt_world/proxy_13/stand_to_sit/lmh/lmh_stand_to_sit_t014_proxy13.csv,csi_to_pose_lmh/pose_gt_world/full_33_landmarks/stand_to_sit/lmh/lmh_stand_to_sit_t014_full33.csv
lmh,lmh,stand_to_sit,t015,15,tv,train,True,True,True,True,csi_to_pose_lmh/csi/safe/transition/stand_to_sit/lmh/lmh_stand_to_sit_t015.csv,csi_to_pose_lmh/pose_gt_world/proxy_13/stand_to_sit/lmh/lmh_stand_to_sit_t015_proxy13.csv,csi_to_pose_lmh/pose_gt_world/full_33_landmarks/stand_to_sit/lmh/lmh_stand_to_sit_t015_full33.csv
lmh,lmh,stand_to_sit,t016,16,tv,train,True,True,True,True,csi_to_pose_lmh/csi/safe/transition/stand_to_sit/lmh/lmh_stand_to_sit_t016.csv,csi_to_pose_lmh/pose_gt_world/proxy_13/stand_to_sit/lmh/lmh_stand_to_sit_t016_proxy13.csv,csi_to_pose_lmh/pose_gt_world/full_33_landmarks/stand_to_sit/lmh/lmh_stand_to_sit_t016_full33.csv
lmh,lmh,stand_to_sit,t017,17,tv,train,True,True,True,True,csi_to_pose_lmh/csi/safe/transition/stand_to_sit/lmh/lmh_stand_to_sit_t017.csv,csi_to_pose_lmh/pose_gt_world/proxy_13/stand_to_sit/lmh/lmh_stand_to_sit_t017_proxy13.csv,csi_to_pose_lmh/pose_gt_world/full_33_landmarks/stand_to_sit/lmh/lmh_stand_to_sit_t017_full33.csv
lmh,lmh,stand_to_sit,t018,18,tv,val,True,True,True,True,csi_to_pose_lmh/csi/safe/transition/stand_to_sit/lmh/lmh_stand_to_sit_t018.csv,csi_to_pose_lmh/pose_gt_world/proxy_13/stand_to_sit/lmh/lmh_stand_to_sit_t018_proxy13.csv,csi_to_pose_lmh/pose_gt_world/full_33_landmarks/stand_to_sit/lmh/lmh_stand_to_sit_t018_full33.csv
lmh,lmh,stand_to_sit,t019,19,tv,test,True,True,True,True,csi_to_pose_lmh/csi/safe/transition/stand_to_sit/lmh/lmh_stand_to_sit_t019.csv,csi_to_pose_lmh/pose_gt_world/proxy_13/stand_to_sit/lmh/lmh_stand_to_sit_t019_proxy13.csv,csi_to_pose_lmh/pose_gt_world/full_33_landmarks/stand_to_sit/lmh/lmh_stand_to_sit_t019_full33.csv
lmh,lmh,stand_to_sit,t020,20,music,train,True,True,True,True,csi_to_pose_lmh/csi/safe/transition/stand_to_sit/lmh/lmh_stand_to_sit_t020.csv,csi_to_pose_lmh/pose_gt_world/proxy_13/stand_to_sit/lmh/lmh_stand_to_sit_t020_proxy13.csv,csi_to_pose_lmh/pose_gt_world/full_33_landmarks/stand_to_sit/lmh/lmh_stand_to_sit_t020_full33.csv
lmh,lmh,stand_to_sit,t021,21,music,train,True,True,True,True,csi_to_pose_lmh/csi/safe/transition/stand_to_sit/lmh/lmh_stand_to_sit_t021.csv,csi_to_pose_lmh/pose_gt_world/proxy_13/stand_to_sit/lmh/lmh_stand_to_sit_t021_proxy13.csv,csi_to_pose_lmh/pose_gt_world/full_33_landmarks/stand_to_sit/lmh/lmh_stand_to_sit_t021_full33.csv
lmh,lmh,stand_to_sit,t022,22,music,train,True,True,True,True,csi_to_pose_lmh/csi/safe/transition/stand_to_sit/lmh/lmh_stand_to_sit_t022.csv,csi_to_pose_lmh/pose_gt_world/proxy_13/stand_to_sit/lmh/lmh_stand_to_sit_t022_proxy13.csv,csi_to_pose_lmh/pose_gt_world/full_33_landmarks/stand_to_sit/lmh/lmh_stand_to_sit_t022_full33.csv
lmh,lmh,stand_to_sit,t023,23,music,train,True,True,True,True,csi_to_pose_lmh/csi/safe/transition/stand_to_sit/lmh/lmh_stand_to_sit_t023.csv,csi_to_pose_lmh/pose_gt_world/proxy_13/stand_to_sit/lmh/lmh_stand_to_sit_t023_proxy13.csv,csi_to_pose_lmh/pose_gt_world/full_33_landmarks/stand_to_sit/lmh/lmh_stand_to_sit_t023_full33.csv
lmh,lmh,stand_to_sit,t024,24,music,val,True,True,True,True,csi_to_pose_lmh/csi/safe/transition/stand_to_sit/lmh/lmh_stand_to_sit_t024.csv,csi_to_pose_lmh/pose_gt_world/proxy_13/stand_to_sit/lmh/lmh_stand_to_sit_t024_proxy13.csv,csi_to_pose_lmh/pose_gt_world/full_33_landmarks/stand_to_sit/lmh/lmh_stand_to_sit_t024_full33.csv
lmh,lmh,stand_to_sit,t025,25,music,test,True,True,True,True,csi_to_pose_lmh/csi/safe/transition/stand_to_sit/lmh/lmh_stand_to_sit_t025.csv,csi_to_pose_lmh/pose_gt_world/proxy_13/stand_to_sit/lmh/lmh_stand_to_sit_t025_proxy13.csv,csi_to_pose_lmh/pose_gt_world/full_33_landmarks/stand_to_sit/lmh/lmh_stand_to_sit_t025_full33.csv
lmh,lmh,lie_to_stand,t001,1,quiet,train,True,True,True,True,csi_to_pose_lmh/csi/safe/transition/lie_to_stand/lmh/lmh_lie_to_stand_t001.csv,csi_to_pose_lmh/pose_gt_world/proxy_13/lie_to_stand/lmh/lmh_lie_to_stand_t001_proxy13.csv,csi_to_pose_lmh/pose_gt_world/full_33_landmarks/lie_to_stand/lmh/lmh_lie_to_stand_t001_full33.csv
lmh,lmh,lie_to_stand,t002,2,quiet,train,True,True,True,True,csi_to_pose_lmh/csi/safe/transition/lie_to_stand/lmh/lmh_lie_to_stand_t002.csv,csi_to_pose_lmh/pose_gt_world/proxy_13/lie_to_stand/lmh/lmh_lie_to_stand_t002_proxy13.csv,csi_to_pose_lmh/pose_gt_world/full_33_landmarks/lie_to_stand/lmh/lmh_lie_to_stand_t002_full33.csv
lmh,lmh,lie_to_stand,t003,3,quiet,train,True,True,True,True,csi_to_pose_lmh/csi/safe/transition/lie_to_stand/lmh/lmh_lie_to_stand_t003.csv,csi_to_pose_lmh/pose_gt_world/proxy_13/lie_to_stand/lmh/lmh_lie_to_stand_t003_proxy13.csv,csi_to_pose_lmh/pose_gt_world/full_33_landmarks/lie_to_stand/lmh/lmh_lie_to_stand_t003_full33.csv
lmh,lmh,lie_to_stand,t004,4,quiet,train,True,True,True,True,csi_to_pose_lmh/csi/safe/transition/lie_to_stand/lmh/lmh_lie_to_stand_t004.csv,csi_to_pose_lmh/pose_gt_world/proxy_13/lie_to_stand/lmh/lmh_lie_to_stand_t004_proxy13.csv,csi_to_pose_lmh/pose_gt_world/full_33_landmarks/lie_to_stand/lmh/lmh_lie_to_stand_t004_full33.csv
lmh,lmh,lie_to_stand,t005,5,quiet,train,True,True,True,True,csi_to_pose_lmh/csi/safe/transition/lie_to_stand/lmh/lmh_lie_to_stand_t005.csv,csi_to_pose_lmh/pose_gt_world/proxy_13/lie_to_stand/lmh/lmh_lie_to_stand_t005_proxy13.csv,csi_to_pose_lmh/pose_gt_world/full_33_landmarks/lie_to_stand/lmh/lmh_lie_to_stand_t005_full33.csv
lmh,lmh,lie_to_stand,t006,6,quiet,val,True,True,True,True,csi_to_pose_lmh/csi/safe/transition/lie_to_stand/lmh/lmh_lie_to_stand_t006.csv,csi_to_pose_lmh/pose_gt_world/proxy_13/lie_to_stand/lmh/lmh_lie_to_stand_t006_proxy13.csv,csi_to_pose_lmh/pose_gt_world/full_33_landmarks/lie_to_stand/lmh/lmh_lie_to_stand_t006_full33.csv
lmh,lmh,lie_to_stand,t007,7,quiet,test,True,True,True,True,csi_to_pose_lmh/csi/safe/transition/lie_to_stand/lmh/lmh_lie_to_stand_t007.csv,csi_to_pose_lmh/pose_gt_world/proxy_13/lie_to_stand/lmh/lmh_lie_to_stand_t007_proxy13.csv,csi_to_pose_lmh/pose_gt_world/full_33_landmarks/lie_to_stand/lmh/lmh_lie_to_stand_t007_full33.csv
lmh,lmh,lie_to_stand,t008,8,aircon,train,True,True,True,True,csi_to_pose_lmh/csi/safe/transition/lie_to_stand/lmh/lmh_lie_to_stand_t008.csv,csi_to_pose_lmh/pose_gt_world/proxy_13/lie_to_stand/lmh/lmh_lie_to_stand_t008_proxy13.csv,csi_to_pose_lmh/pose_gt_world/full_33_landmarks/lie_to_stand/lmh/lmh_lie_to_stand_t008_full33.csv
lmh,lmh,lie_to_stand,t009,9,aircon,train,True,True,True,True,csi_to_pose_lmh/csi/safe/transition/lie_to_stand/lmh/lmh_lie_to_stand_t009.csv,csi_to_pose_lmh/pose_gt_world/proxy_13/lie_to_stand/lmh/lmh_lie_to_stand_t009_proxy13.csv,csi_to_pose_lmh/pose_gt_world/full_33_landmarks/lie_to_stand/lmh/lmh_lie_to_stand_t009_full33.csv
lmh,lmh,lie_to_stand,t010,10,aircon,train,True,True,True,True,csi_to_pose_lmh/csi/safe/transition/lie_to_stand/lmh/lmh_lie_to_stand_t010.csv,csi_to_pose_lmh/pose_gt_world/proxy_13/lie_to_stand/lmh/lmh_lie_to_stand_t010_proxy13.csv,csi_to_pose_lmh/pose_gt_world/full_33_landmarks/lie_to_stand/lmh/lmh_lie_to_stand_t010_full33.csv
lmh,lmh,lie_to_stand,t011,11,aircon,train,True,True,True,True,csi_to_pose_lmh/csi/safe/transition/lie_to_stand/lmh/lmh_lie_to_stand_t011.csv,csi_to_pose_lmh/pose_gt_world/proxy_13/lie_to_stand/lmh/lmh_lie_to_stand_t011_proxy13.csv,csi_to_pose_lmh/pose_gt_world/full_33_landmarks/lie_to_stand/lmh/lmh_lie_to_stand_t011_full33.csv
lmh,lmh,lie_to_stand,t012,12,aircon,val,True,True,True,True,csi_to_pose_lmh/csi/safe/transition/lie_to_stand/lmh/lmh_lie_to_stand_t012.csv,csi_to_pose_lmh/pose_gt_world/proxy_13/lie_to_stand/lmh/lmh_lie_to_stand_t012_proxy13.csv,csi_to_pose_lmh/pose_gt_world/full_33_landmarks/lie_to_stand/lmh/lmh_lie_to_stand_t012_full33.csv
lmh,lmh,lie_to_stand,t013,13,aircon,test,True,True,True,True,csi_to_pose_lmh/csi/safe/transition/lie_to_stand/lmh/lmh_lie_to_stand_t013.csv,csi_to_pose_lmh/pose_gt_world/proxy_13/lie_to_stand/lmh/lmh_lie_to_stand_t013_proxy13.csv,csi_to_pose_lmh/pose_gt_world/full_33_landmarks/lie_to_stand/lmh/lmh_lie_to_stand_t013_full33.csv
lmh,lmh,lie_to_stand,t014,14,tv,train,True,True,True,True,csi_to_pose_lmh/csi/safe/transition/lie_to_stand/lmh/lmh_lie_to_stand_t014.csv,csi_to_pose_lmh/pose_gt_world/proxy_13/lie_to_stand/lmh/lmh_lie_to_stand_t014_proxy13.csv,csi_to_pose_lmh/pose_gt_world/full_33_landmarks/lie_to_stand/lmh/lmh_lie_to_stand_t014_full33.csv
lmh,lmh,lie_to_stand,t015,15,tv,train,True,True,True,True,csi_to_pose_lmh/csi/safe/transition/lie_to_stand/lmh/lmh_lie_to_stand_t015.csv,csi_to_pose_lmh/pose_gt_world/proxy_13/lie_to_stand/lmh/lmh_lie_to_stand_t015_proxy13.csv,csi_to_pose_lmh/pose_gt_world/full_33_landmarks/lie_to_stand/lmh/lmh_lie_to_stand_t015_full33.csv
lmh,lmh,lie_to_stand,t016,16,tv,train,True,True,True,True,csi_to_pose_lmh/csi/safe/transition/lie_to_stand/lmh/lmh_lie_to_stand_t016.csv,csi_to_pose_lmh/pose_gt_world/proxy_13/lie_to_stand/lmh/lmh_lie_to_stand_t016_proxy13.csv,csi_to_pose_lmh/pose_gt_world/full_33_landmarks/lie_to_stand/lmh/lmh_lie_to_stand_t016_full33.csv
lmh,lmh,lie_to_stand,t017,17,tv,train,True,True,True,True,csi_to_pose_lmh/csi/safe/transition/lie_to_stand/lmh/lmh_lie_to_stand_t017.csv,csi_to_pose_lmh/pose_gt_world/proxy_13/lie_to_stand/lmh/lmh_lie_to_stand_t017_proxy13.csv,csi_to_pose_lmh/pose_gt_world/full_33_landmarks/lie_to_stand/lmh/lmh_lie_to_stand_t017_full33.csv
lmh,lmh,lie_to_stand,t018,18,tv,val,True,True,True,True,csi_to_pose_lmh/csi/safe/transition/lie_to_stand/lmh/lmh_lie_to_stand_t018.csv,csi_to_pose_lmh/pose_gt_world/proxy_13/lie_to_stand/lmh/lmh_lie_to_stand_t018_proxy13.csv,csi_to_pose_lmh/pose_gt_world/full_33_landmarks/lie_to_stand/lmh/lmh_lie_to_stand_t018_full33.csv
lmh,lmh,lie_to_stand,t019,19,tv,test,True,True,True,True,csi_to_pose_lmh/csi/safe/transition/lie_to_stand/lmh/lmh_lie_to_stand_t019.csv,csi_to_pose_lmh/pose_gt_world/proxy_13/lie_to_stand/lmh/lmh_lie_to_stand_t019_proxy13.csv,csi_to_pose_lmh/pose_gt_world/full_33_landmarks/lie_to_stand/lmh/lmh_lie_to_stand_t019_full33.csv
lmh,lmh,lie_to_stand,t020,20,music,train,True,True,True,True,csi_to_pose_lmh/csi/safe/transition/lie_to_stand/lmh/lmh_lie_to_stand_t020.csv,csi_to_pose_lmh/pose_gt_world/proxy_13/lie_to_stand/lmh/lmh_lie_to_stand_t020_proxy13.csv,csi_to_pose_lmh/pose_gt_world/full_33_landmarks/lie_to_stand/lmh/lmh_lie_to_stand_t020_full33.csv
lmh,lmh,lie_to_stand,t021,21,music,train,True,True,True,True,csi_to_pose_lmh/csi/safe/transition/lie_to_stand/lmh/lmh_lie_to_stand_t021.csv,csi_to_pose_lmh/pose_gt_world/proxy_13/lie_to_stand/lmh/lmh_lie_to_stand_t021_proxy13.csv,csi_to_pose_lmh/pose_gt_world/full_33_landmarks/lie_to_stand/lmh/lmh_lie_to_stand_t021_full33.csv
lmh,lmh,lie_to_stand,t022,22,music,train,True,True,True,True,csi_to_pose_lmh/csi/safe/transition/lie_to_stand/lmh/lmh_lie_to_stand_t022.csv,csi_to_pose_lmh/pose_gt_world/proxy_13/lie_to_stand/lmh/lmh_lie_to_stand_t022_proxy13.csv,csi_to_pose_lmh/pose_gt_world/full_33_landmarks/lie_to_stand/lmh/lmh_lie_to_stand_t022_full33.csv
lmh,lmh,lie_to_stand,t023,23,music,train,True,True,True,True,csi_to_pose_lmh/csi/safe/transition/lie_to_stand/lmh/lmh_lie_to_stand_t023.csv,csi_to_pose_lmh/pose_gt_world/proxy_13/lie_to_stand/lmh/lmh_lie_to_stand_t023_proxy13.csv,csi_to_pose_lmh/pose_gt_world/full_33_landmarks/lie_to_stand/lmh/lmh_lie_to_stand_t023_full33.csv
lmh,lmh,lie_to_stand,t024,24,music,val,True,True,True,True,csi_to_pose_lmh/csi/safe/transition/lie_to_stand/lmh/lmh_lie_to_stand_t024.csv,csi_to_pose_lmh/pose_gt_world/proxy_13/lie_to_stand/lmh/lmh_lie_to_stand_t024_proxy13.csv,csi_to_pose_lmh/pose_gt_world/full_33_landmarks/lie_to_stand/lmh/lmh_lie_to_stand_t024_full33.csv
lmh,lmh,lie_to_stand,t025,25,music,test,True,True,True,True,csi_to_pose_lmh/csi/safe/transition/lie_to_stand/lmh/lmh_lie_to_stand_t025.csv,csi_to_pose_lmh/pose_gt_world/proxy_13/lie_to_stand/lmh/lmh_lie_to_stand_t025_proxy13.csv,csi_to_pose_lmh/pose_gt_world/full_33_landmarks/lie_to_stand/lmh/lmh_lie_to_stand_t025_full33.csv
lmh,lmh,stand_to_lie_normal,t001,1,quiet,train,True,True,True,True,csi_to_pose_lmh/csi/safe/transition/stand_to_lie_normal/lmh/lmh_stand_to_lie_normal_t001.csv,csi_to_pose_lmh/pose_gt_world/proxy_13/stand_to_lie_normal/lmh/lmh_stand_to_lie_normal_t001_proxy13.csv,csi_to_pose_lmh/pose_gt_world/full_33_landmarks/stand_to_lie_normal/lmh/lmh_stand_to_lie_normal_t001_full33.csv
lmh,lmh,stand_to_lie_normal,t002,2,quiet,train,True,True,True,True,csi_to_pose_lmh/csi/safe/transition/stand_to_lie_normal/lmh/lmh_stand_to_lie_normal_t002.csv,csi_to_pose_lmh/pose_gt_world/proxy_13/stand_to_lie_normal/lmh/lmh_stand_to_lie_normal_t002_proxy13.csv,csi_to_pose_lmh/pose_gt_world/full_33_landmarks/stand_to_lie_normal/lmh/lmh_stand_to_lie_normal_t002_full33.csv
lmh,lmh,stand_to_lie_normal,t003,3,quiet,train,True,True,True,True,csi_to_pose_lmh/csi/safe/transition/stand_to_lie_normal/lmh/lmh_stand_to_lie_normal_t003.csv,csi_to_pose_lmh/pose_gt_world/proxy_13/stand_to_lie_normal/lmh/lmh_stand_to_lie_normal_t003_proxy13.csv,csi_to_pose_lmh/pose_gt_world/full_33_landmarks/stand_to_lie_normal/lmh/lmh_stand_to_lie_normal_t003_full33.csv
lmh,lmh,stand_to_lie_normal,t004,4,quiet,train,True,True,True,True,csi_to_pose_lmh/csi/safe/transition/stand_to_lie_normal/lmh/lmh_stand_to_lie_normal_t004.csv,csi_to_pose_lmh/pose_gt_world/proxy_13/stand_to_lie_normal/lmh/lmh_stand_to_lie_normal_t004_proxy13.csv,csi_to_pose_lmh/pose_gt_world/full_33_landmarks/stand_to_lie_normal/lmh/lmh_stand_to_lie_normal_t004_full33.csv
lmh,lmh,stand_to_lie_normal,t005,5,quiet,train,True,True,True,True,csi_to_pose_lmh/csi/safe/transition/stand_to_lie_normal/lmh/lmh_stand_to_lie_normal_t005.csv,csi_to_pose_lmh/pose_gt_world/proxy_13/stand_to_lie_normal/lmh/lmh_stand_to_lie_normal_t005_proxy13.csv,csi_to_pose_lmh/pose_gt_world/full_33_landmarks/stand_to_lie_normal/lmh/lmh_stand_to_lie_normal_t005_full33.csv
lmh,lmh,stand_to_lie_normal,t006,6,quiet,val,True,True,True,True,csi_to_pose_lmh/csi/safe/transition/stand_to_lie_normal/lmh/lmh_stand_to_lie_normal_t006.csv,csi_to_pose_lmh/pose_gt_world/proxy_13/stand_to_lie_normal/lmh/lmh_stand_to_lie_normal_t006_proxy13.csv,csi_to_pose_lmh/pose_gt_world/full_33_landmarks/stand_to_lie_normal/lmh/lmh_stand_to_lie_normal_t006_full33.csv
lmh,lmh,stand_to_lie_normal,t007,7,quiet,test,True,True,True,True,csi_to_pose_lmh/csi/safe/transition/stand_to_lie_normal/lmh/lmh_stand_to_lie_normal_t007.csv,csi_to_pose_lmh/pose_gt_world/proxy_13/stand_to_lie_normal/lmh/lmh_stand_to_lie_normal_t007_proxy13.csv,csi_to_pose_lmh/pose_gt_world/full_33_landmarks/stand_to_lie_normal/lmh/lmh_stand_to_lie_normal_t007_full33.csv
lmh,lmh,stand_to_lie_normal,t008,8,aircon,train,True,True,True,True,csi_to_pose_lmh/csi/safe/transition/stand_to_lie_normal/lmh/lmh_stand_to_lie_normal_t008.csv,csi_to_pose_lmh/pose_gt_world/proxy_13/stand_to_lie_normal/lmh/lmh_stand_to_lie_normal_t008_proxy13.csv,csi_to_pose_lmh/pose_gt_world/full_33_landmarks/stand_to_lie_normal/lmh/lmh_stand_to_lie_normal_t008_full33.csv
lmh,lmh,stand_to_lie_normal,t009,9,aircon,train,True,True,True,True,csi_to_pose_lmh/csi/safe/transition/stand_to_lie_normal/lmh/lmh_stand_to_lie_normal_t009.csv,csi_to_pose_lmh/pose_gt_world/proxy_13/stand_to_lie_normal/lmh/lmh_stand_to_lie_normal_t009_proxy13.csv,csi_to_pose_lmh/pose_gt_world/full_33_landmarks/stand_to_lie_normal/lmh/lmh_stand_to_lie_normal_t009_full33.csv
lmh,lmh,stand_to_lie_normal,t010,10,aircon,train,True,True,True,True,csi_to_pose_lmh/csi/safe/transition/stand_to_lie_normal/lmh/lmh_stand_to_lie_normal_t010.csv,csi_to_pose_lmh/pose_gt_world/proxy_13/stand_to_lie_normal/lmh/lmh_stand_to_lie_normal_t010_proxy13.csv,csi_to_pose_lmh/pose_gt_world/full_33_landmarks/stand_to_lie_normal/lmh/lmh_stand_to_lie_normal_t010_full33.csv
lmh,lmh,stand_to_lie_normal,t011,11,aircon,train,True,True,True,True,csi_to_pose_lmh/csi/safe/transition/stand_to_lie_normal/lmh/lmh_stand_to_lie_normal_t011.csv,csi_to_pose_lmh/pose_gt_world/proxy_13/stand_to_lie_normal/lmh/lmh_stand_to_lie_normal_t011_proxy13.csv,csi_to_pose_lmh/pose_gt_world/full_33_landmarks/stand_to_lie_normal/lmh/lmh_stand_to_lie_normal_t011_full33.csv
lmh,lmh,stand_to_lie_normal,t012,12,aircon,val,True,True,True,True,csi_to_pose_lmh/csi/safe/transition/stand_to_lie_normal/lmh/lmh_stand_to_lie_normal_t012.csv,csi_to_pose_lmh/pose_gt_world/proxy_13/stand_to_lie_normal/lmh/lmh_stand_to_lie_normal_t012_proxy13.csv,csi_to_pose_lmh/pose_gt_world/full_33_landmarks/stand_to_lie_normal/lmh/lmh_stand_to_lie_normal_t012_full33.csv
lmh,lmh,stand_to_lie_normal,t013,13,aircon,test,True,True,True,True,csi_to_pose_lmh/csi/safe/transition/stand_to_lie_normal/lmh/lmh_stand_to_lie_normal_t013.csv,csi_to_pose_lmh/pose_gt_world/proxy_13/stand_to_lie_normal/lmh/lmh_stand_to_lie_normal_t013_proxy13.csv,csi_to_pose_lmh/pose_gt_world/full_33_landmarks/stand_to_lie_normal/lmh/lmh_stand_to_lie_normal_t013_full33.csv
lmh,lmh,stand_to_lie_normal,t014,14,tv,train,True,True,True,True,csi_to_pose_lmh/csi/safe/transition/stand_to_lie_normal/lmh/lmh_stand_to_lie_normal_t014.csv,csi_to_pose_lmh/pose_gt_world/proxy_13/stand_to_lie_normal/lmh/lmh_stand_to_lie_normal_t014_proxy13.csv,csi_to_pose_lmh/pose_gt_world/full_33_landmarks/stand_to_lie_normal/lmh/lmh_stand_to_lie_normal_t014_full33.csv
lmh,lmh,stand_to_lie_normal,t015,15,tv,train,True,True,True,True,csi_to_pose_lmh/csi/safe/transition/stand_to_lie_normal/lmh/lmh_stand_to_lie_normal_t015.csv,csi_to_pose_lmh/pose_gt_world/proxy_13/stand_to_lie_normal/lmh/lmh_stand_to_lie_normal_t015_proxy13.csv,csi_to_pose_lmh/pose_gt_world/full_33_landmarks/stand_to_lie_normal/lmh/lmh_stand_to_lie_normal_t015_full33.csv
lmh,lmh,stand_to_lie_normal,t016,16,tv,train,True,True,True,True,csi_to_pose_lmh/csi/safe/transition/stand_to_lie_normal/lmh/lmh_stand_to_lie_normal_t016.csv,csi_to_pose_lmh/pose_gt_world/proxy_13/stand_to_lie_normal/lmh/lmh_stand_to_lie_normal_t016_proxy13.csv,csi_to_pose_lmh/pose_gt_world/full_33_landmarks/stand_to_lie_normal/lmh/lmh_stand_to_lie_normal_t016_full33.csv
lmh,lmh,stand_to_lie_normal,t017,17,tv,train,True,True,True,True,csi_to_pose_lmh/csi/safe/transition/stand_to_lie_normal/lmh/lmh_stand_to_lie_normal_t017.csv,csi_to_pose_lmh/pose_gt_world/proxy_13/stand_to_lie_normal/lmh/lmh_stand_to_lie_normal_t017_proxy13.csv,csi_to_pose_lmh/pose_gt_world/full_33_landmarks/stand_to_lie_normal/lmh/lmh_stand_to_lie_normal_t017_full33.csv
lmh,lmh,stand_to_lie_normal,t018,18,tv,val,True,True,True,True,csi_to_pose_lmh/csi/safe/transition/stand_to_lie_normal/lmh/lmh_stand_to_lie_normal_t018.csv,csi_to_pose_lmh/pose_gt_world/proxy_13/stand_to_lie_normal/lmh/lmh_stand_to_lie_normal_t018_proxy13.csv,csi_to_pose_lmh/pose_gt_world/full_33_landmarks/stand_to_lie_normal/lmh/lmh_stand_to_lie_normal_t018_full33.csv
lmh,lmh,stand_to_lie_normal,t019,19,tv,test,True,True,True,True,csi_to_pose_lmh/csi/safe/transition/stand_to_lie_normal/lmh/lmh_stand_to_lie_normal_t019.csv,csi_to_pose_lmh/pose_gt_world/proxy_13/stand_to_lie_normal/lmh/lmh_stand_to_lie_normal_t019_proxy13.csv,csi_to_pose_lmh/pose_gt_world/full_33_landmarks/stand_to_lie_normal/lmh/lmh_stand_to_lie_normal_t019_full33.csv
lmh,lmh,stand_to_lie_normal,t020,20,music,train,True,True,True,True,csi_to_pose_lmh/csi/safe/transition/stand_to_lie_normal/lmh/lmh_stand_to_lie_normal_t020.csv,csi_to_pose_lmh/pose_gt_world/proxy_13/stand_to_lie_normal/lmh/lmh_stand_to_lie_normal_t020_proxy13.csv,csi_to_pose_lmh/pose_gt_world/full_33_landmarks/stand_to_lie_normal/lmh/lmh_stand_to_lie_normal_t020_full33.csv
lmh,lmh,stand_to_lie_normal,t021,21,music,train,True,True,True,True,csi_to_pose_lmh/csi/safe/transition/stand_to_lie_normal/lmh/lmh_stand_to_lie_normal_t021.csv,csi_to_pose_lmh/pose_gt_world/proxy_13/stand_to_lie_normal/lmh/lmh_stand_to_lie_normal_t021_proxy13.csv,csi_to_pose_lmh/pose_gt_world/full_33_landmarks/stand_to_lie_normal/lmh/lmh_stand_to_lie_normal_t021_full33.csv
lmh,lmh,stand_to_lie_normal,t022,22,music,train,True,True,True,True,csi_to_pose_lmh/csi/safe/transition/stand_to_lie_normal/lmh/lmh_stand_to_lie_normal_t022.csv,csi_to_pose_lmh/pose_gt_world/proxy_13/stand_to_lie_normal/lmh/lmh_stand_to_lie_normal_t022_proxy13.csv,csi_to_pose_lmh/pose_gt_world/full_33_landmarks/stand_to_lie_normal/lmh/lmh_stand_to_lie_normal_t022_full33.csv
lmh,lmh,stand_to_lie_normal,t023,23,music,train,True,True,True,True,csi_to_pose_lmh/csi/safe/transition/stand_to_lie_normal/lmh/lmh_stand_to_lie_normal_t023.csv,csi_to_pose_lmh/pose_gt_world/proxy_13/stand_to_lie_normal/lmh/lmh_stand_to_lie_normal_t023_proxy13.csv,csi_to_pose_lmh/pose_gt_world/full_33_landmarks/stand_to_lie_normal/lmh/lmh_stand_to_lie_normal_t023_full33.csv
lmh,lmh,stand_to_lie_normal,t024,24,music,val,True,True,True,True,csi_to_pose_lmh/csi/safe/transition/stand_to_lie_normal/lmh/lmh_stand_to_lie_normal_t024.csv,csi_to_pose_lmh/pose_gt_world/proxy_13/stand_to_lie_normal/lmh/lmh_stand_to_lie_normal_t024_proxy13.csv,csi_to_pose_lmh/pose_gt_world/full_33_landmarks/stand_to_lie_normal/lmh/lmh_stand_to_lie_normal_t024_full33.csv
lmh,lmh,stand_to_lie_normal,t025,25,music,test,True,True,True,True,csi_to_pose_lmh/csi/safe/transition/stand_to_lie_normal/lmh/lmh_stand_to_lie_normal_t025.csv,csi_to_pose_lmh/pose_gt_world/proxy_13/stand_to_lie_normal/lmh/lmh_stand_to_lie_normal_t025_proxy13.csv,csi_to_pose_lmh/pose_gt_world/full_33_landmarks/stand_to_lie_normal/lmh/lmh_stand_to_lie_normal_t025_full33.csv
lmh,lmh,bed_exit_failed,t001,1,quiet,train,True,True,True,True,csi_to_pose_lmh/csi/warning/bed_exit/bed_exit_failed/lmh/lmh_bed_exit_failed_t001.csv,csi_to_pose_lmh/pose_gt_world/proxy_13/bed_exit_failed/lmh/lmh_bed_exit_failed_t001_proxy13.csv,csi_to_pose_lmh/pose_gt_world/full_33_landmarks/bed_exit_failed/lmh/lmh_bed_exit_failed_t001_full33.csv
lmh,lmh,bed_exit_failed,t002,2,quiet,train,True,True,True,True,csi_to_pose_lmh/csi/warning/bed_exit/bed_exit_failed/lmh/lmh_bed_exit_failed_t002.csv,csi_to_pose_lmh/pose_gt_world/proxy_13/bed_exit_failed/lmh/lmh_bed_exit_failed_t002_proxy13.csv,csi_to_pose_lmh/pose_gt_world/full_33_landmarks/bed_exit_failed/lmh/lmh_bed_exit_failed_t002_full33.csv
lmh,lmh,bed_exit_failed,t003,3,quiet,train,True,True,True,True,csi_to_pose_lmh/csi/warning/bed_exit/bed_exit_failed/lmh/lmh_bed_exit_failed_t003.csv,csi_to_pose_lmh/pose_gt_world/proxy_13/bed_exit_failed/lmh/lmh_bed_exit_failed_t003_proxy13.csv,csi_to_pose_lmh/pose_gt_world/full_33_landmarks/bed_exit_failed/lmh/lmh_bed_exit_failed_t003_full33.csv
lmh,lmh,bed_exit_failed,t004,4,quiet,train,True,True,True,True,csi_to_pose_lmh/csi/warning/bed_exit/bed_exit_failed/lmh/lmh_bed_exit_failed_t004.csv,csi_to_pose_lmh/pose_gt_world/proxy_13/bed_exit_failed/lmh/lmh_bed_exit_failed_t004_proxy13.csv,csi_to_pose_lmh/pose_gt_world/full_33_landmarks/bed_exit_failed/lmh/lmh_bed_exit_failed_t004_full33.csv
lmh,lmh,bed_exit_failed,t005,5,quiet,train,True,True,True,True,csi_to_pose_lmh/csi/warning/bed_exit/bed_exit_failed/lmh/lmh_bed_exit_failed_t005.csv,csi_to_pose_lmh/pose_gt_world/proxy_13/bed_exit_failed/lmh/lmh_bed_exit_failed_t005_proxy13.csv,csi_to_pose_lmh/pose_gt_world/full_33_landmarks/bed_exit_failed/lmh/lmh_bed_exit_failed_t005_full33.csv
lmh,lmh,bed_exit_failed,t006,6,quiet,val,True,True,True,True,csi_to_pose_lmh/csi/warning/bed_exit/bed_exit_failed/lmh/lmh_bed_exit_failed_t006.csv,csi_to_pose_lmh/pose_gt_world/proxy_13/bed_exit_failed/lmh/lmh_bed_exit_failed_t006_proxy13.csv,csi_to_pose_lmh/pose_gt_world/full_33_landmarks/bed_exit_failed/lmh/lmh_bed_exit_failed_t006_full33.csv
lmh,lmh,bed_exit_failed,t007,7,quiet,test,True,True,True,True,csi_to_pose_lmh/csi/warning/bed_exit/bed_exit_failed/lmh/lmh_bed_exit_failed_t007.csv,csi_to_pose_lmh/pose_gt_world/proxy_13/bed_exit_failed/lmh/lmh_bed_exit_failed_t007_proxy13.csv,csi_to_pose_lmh/pose_gt_world/full_33_landmarks/bed_exit_failed/lmh/lmh_bed_exit_failed_t007_full33.csv
lmh,lmh,bed_exit_failed,t008,8,aircon,train,True,True,True,True,csi_to_pose_lmh/csi/warning/bed_exit/bed_exit_failed/lmh/lmh_bed_exit_failed_t008.csv,csi_to_pose_lmh/pose_gt_world/proxy_13/bed_exit_failed/lmh/lmh_bed_exit_failed_t008_proxy13.csv,csi_to_pose_lmh/pose_gt_world/full_33_landmarks/bed_exit_failed/lmh/lmh_bed_exit_failed_t008_full33.csv
lmh,lmh,bed_exit_failed,t009,9,aircon,train,True,True,True,True,csi_to_pose_lmh/csi/warning/bed_exit/bed_exit_failed/lmh/lmh_bed_exit_failed_t009.csv,csi_to_pose_lmh/pose_gt_world/proxy_13/bed_exit_failed/lmh/lmh_bed_exit_failed_t009_proxy13.csv,csi_to_pose_lmh/pose_gt_world/full_33_landmarks/bed_exit_failed/lmh/lmh_bed_exit_failed_t009_full33.csv
lmh,lmh,bed_exit_failed,t010,10,aircon,train,True,True,True,True,csi_to_pose_lmh/csi/warning/bed_exit/bed_exit_failed/lmh/lmh_bed_exit_failed_t010.csv,csi_to_pose_lmh/pose_gt_world/proxy_13/bed_exit_failed/lmh/lmh_bed_exit_failed_t010_proxy13.csv,csi_to_pose_lmh/pose_gt_world/full_33_landmarks/bed_exit_failed/lmh/lmh_bed_exit_failed_t010_full33.csv
lmh,lmh,bed_exit_failed,t011,11,aircon,train,True,True,True,True,csi_to_pose_lmh/csi/warning/bed_exit/bed_exit_failed/lmh/lmh_bed_exit_failed_t011.csv,csi_to_pose_lmh/pose_gt_world/proxy_13/bed_exit_failed/lmh/lmh_bed_exit_failed_t011_proxy13.csv,csi_to_pose_lmh/pose_gt_world/full_33_landmarks/bed_exit_failed/lmh/lmh_bed_exit_failed_t011_full33.csv
lmh,lmh,bed_exit_failed,t012,12,aircon,val,True,True,True,True,csi_to_pose_lmh/csi/warning/bed_exit/bed_exit_failed/lmh/lmh_bed_exit_failed_t012.csv,csi_to_pose_lmh/pose_gt_world/proxy_13/bed_exit_failed/lmh/lmh_bed_exit_failed_t012_proxy13.csv,csi_to_pose_lmh/pose_gt_world/full_33_landmarks/bed_exit_failed/lmh/lmh_bed_exit_failed_t012_full33.csv
lmh,lmh,bed_exit_failed,t013,13,aircon,test,True,True,True,True,csi_to_pose_lmh/csi/warning/bed_exit/bed_exit_failed/lmh/lmh_bed_exit_failed_t013.csv,csi_to_pose_lmh/pose_gt_world/proxy_13/bed_exit_failed/lmh/lmh_bed_exit_failed_t013_proxy13.csv,csi_to_pose_lmh/pose_gt_world/full_33_landmarks/bed_exit_failed/lmh/lmh_bed_exit_failed_t013_full33.csv
lmh,lmh,bed_exit_failed,t014,14,tv,train,True,True,True,True,csi_to_pose_lmh/csi/warning/bed_exit/bed_exit_failed/lmh/lmh_bed_exit_failed_t014.csv,csi_to_pose_lmh/pose_gt_world/proxy_13/bed_exit_failed/lmh/lmh_bed_exit_failed_t014_proxy13.csv,csi_to_pose_lmh/pose_gt_world/full_33_landmarks/bed_exit_failed/lmh/lmh_bed_exit_failed_t014_full33.csv
lmh,lmh,bed_exit_failed,t015,15,tv,train,True,True,True,True,csi_to_pose_lmh/csi/warning/bed_exit/bed_exit_failed/lmh/lmh_bed_exit_failed_t015.csv,csi_to_pose_lmh/pose_gt_world/proxy_13/bed_exit_failed/lmh/lmh_bed_exit_failed_t015_proxy13.csv,csi_to_pose_lmh/pose_gt_world/full_33_landmarks/bed_exit_failed/lmh/lmh_bed_exit_failed_t015_full33.csv
lmh,lmh,bed_exit_failed,t016,16,tv,train,True,True,True,True,csi_to_pose_lmh/csi/warning/bed_exit/bed_exit_failed/lmh/lmh_bed_exit_failed_t016.csv,csi_to_pose_lmh/pose_gt_world/proxy_13/bed_exit_failed/lmh/lmh_bed_exit_failed_t016_proxy13.csv,csi_to_pose_lmh/pose_gt_world/full_33_landmarks/bed_exit_failed/lmh/lmh_bed_exit_failed_t016_full33.csv
lmh,lmh,bed_exit_failed,t017,17,tv,train,True,True,True,True,csi_to_pose_lmh/csi/warning/bed_exit/bed_exit_failed/lmh/lmh_bed_exit_failed_t017.csv,csi_to_pose_lmh/pose_gt_world/proxy_13/bed_exit_failed/lmh/lmh_bed_exit_failed_t017_proxy13.csv,csi_to_pose_lmh/pose_gt_world/full_33_landmarks/bed_exit_failed/lmh/lmh_bed_exit_failed_t017_full33.csv
lmh,lmh,bed_exit_failed,t018,18,tv,val,True,True,True,True,csi_to_pose_lmh/csi/warning/bed_exit/bed_exit_failed/lmh/lmh_bed_exit_failed_t018.csv,csi_to_pose_lmh/pose_gt_world/proxy_13/bed_exit_failed/lmh/lmh_bed_exit_failed_t018_proxy13.csv,csi_to_pose_lmh/pose_gt_world/full_33_landmarks/bed_exit_failed/lmh/lmh_bed_exit_failed_t018_full33.csv
lmh,lmh,bed_exit_failed,t019,19,tv,test,True,True,True,True,csi_to_pose_lmh/csi/warning/bed_exit/bed_exit_failed/lmh/lmh_bed_exit_failed_t019.csv,csi_to_pose_lmh/pose_gt_world/proxy_13/bed_exit_failed/lmh/lmh_bed_exit_failed_t019_proxy13.csv,csi_to_pose_lmh/pose_gt_world/full_33_landmarks/bed_exit_failed/lmh/lmh_bed_exit_failed_t019_full33.csv
lmh,lmh,bed_exit_failed,t020,20,music,train,True,True,True,True,csi_to_pose_lmh/csi/warning/bed_exit/bed_exit_failed/lmh/lmh_bed_exit_failed_t020.csv,csi_to_pose_lmh/pose_gt_world/proxy_13/bed_exit_failed/lmh/lmh_bed_exit_failed_t020_proxy13.csv,csi_to_pose_lmh/pose_gt_world/full_33_landmarks/bed_exit_failed/lmh/lmh_bed_exit_failed_t020_full33.csv
lmh,lmh,bed_exit_failed,t021,21,music,train,True,True,True,True,csi_to_pose_lmh/csi/warning/bed_exit/bed_exit_failed/lmh/lmh_bed_exit_failed_t021.csv,csi_to_pose_lmh/pose_gt_world/proxy_13/bed_exit_failed/lmh/lmh_bed_exit_failed_t021_proxy13.csv,csi_to_pose_lmh/pose_gt_world/full_33_landmarks/bed_exit_failed/lmh/lmh_bed_exit_failed_t021_full33.csv
lmh,lmh,bed_exit_failed,t022,22,music,train,True,True,True,True,csi_to_pose_lmh/csi/warning/bed_exit/bed_exit_failed/lmh/lmh_bed_exit_failed_t022.csv,csi_to_pose_lmh/pose_gt_world/proxy_13/bed_exit_failed/lmh/lmh_bed_exit_failed_t022_proxy13.csv,csi_to_pose_lmh/pose_gt_world/full_33_landmarks/bed_exit_failed/lmh/lmh_bed_exit_failed_t022_full33.csv
lmh,lmh,bed_exit_failed,t023,23,music,train,True,True,True,True,csi_to_pose_lmh/csi/warning/bed_exit/bed_exit_failed/lmh/lmh_bed_exit_failed_t023.csv,csi_to_pose_lmh/pose_gt_world/proxy_13/bed_exit_failed/lmh/lmh_bed_exit_failed_t023_proxy13.csv,csi_to_pose_lmh/pose_gt_world/full_33_landmarks/bed_exit_failed/lmh/lmh_bed_exit_failed_t023_full33.csv
lmh,lmh,bed_exit_failed,t024,24,music,val,True,True,True,True,csi_to_pose_lmh/csi/warning/bed_exit/bed_exit_failed/lmh/lmh_bed_exit_failed_t024.csv,csi_to_pose_lmh/pose_gt_world/proxy_13/bed_exit_failed/lmh/lmh_bed_exit_failed_t024_proxy13.csv,csi_to_pose_lmh/pose_gt_world/full_33_landmarks/bed_exit_failed/lmh/lmh_bed_exit_failed_t024_full33.csv
lmh,lmh,bed_exit_failed,t025,25,music,test,True,True,True,True,csi_to_pose_lmh/csi/warning/bed_exit/bed_exit_failed/lmh/lmh_bed_exit_failed_t025.csv,csi_to_pose_lmh/pose_gt_world/proxy_13/bed_exit_failed/lmh/lmh_bed_exit_failed_t025_proxy13.csv,csi_to_pose_lmh/pose_gt_world/full_33_landmarks/bed_exit_failed/lmh/lmh_bed_exit_failed_t025_full33.csv
lmh,lmh,unstable_walking,t001,1,quiet,train,True,True,True,True,csi_to_pose_lmh/csi/warning/gait/unstable_walking/lmh/lmh_unstable_walking_t001.csv,csi_to_pose_lmh/pose_gt_world/proxy_13/unstable_walking/lmh/lmh_unstable_walking_t001_proxy13.csv,csi_to_pose_lmh/pose_gt_world/full_33_landmarks/unstable_walking/lmh/lmh_unstable_walking_t001_full33.csv
lmh,lmh,unstable_walking,t002,2,quiet,train,True,True,True,True,csi_to_pose_lmh/csi/warning/gait/unstable_walking/lmh/lmh_unstable_walking_t002.csv,csi_to_pose_lmh/pose_gt_world/proxy_13/unstable_walking/lmh/lmh_unstable_walking_t002_proxy13.csv,csi_to_pose_lmh/pose_gt_world/full_33_landmarks/unstable_walking/lmh/lmh_unstable_walking_t002_full33.csv
lmh,lmh,unstable_walking,t003,3,quiet,train,True,True,True,True,csi_to_pose_lmh/csi/warning/gait/unstable_walking/lmh/lmh_unstable_walking_t003.csv,csi_to_pose_lmh/pose_gt_world/proxy_13/unstable_walking/lmh/lmh_unstable_walking_t003_proxy13.csv,csi_to_pose_lmh/pose_gt_world/full_33_landmarks/unstable_walking/lmh/lmh_unstable_walking_t003_full33.csv
lmh,lmh,unstable_walking,t004,4,quiet,train,True,True,True,True,csi_to_pose_lmh/csi/warning/gait/unstable_walking/lmh/lmh_unstable_walking_t004.csv,csi_to_pose_lmh/pose_gt_world/proxy_13/unstable_walking/lmh/lmh_unstable_walking_t004_proxy13.csv,csi_to_pose_lmh/pose_gt_world/full_33_landmarks/unstable_walking/lmh/lmh_unstable_walking_t004_full33.csv
lmh,lmh,unstable_walking,t005,5,quiet,train,True,True,True,True,csi_to_pose_lmh/csi/warning/gait/unstable_walking/lmh/lmh_unstable_walking_t005.csv,csi_to_pose_lmh/pose_gt_world/proxy_13/unstable_walking/lmh/lmh_unstable_walking_t005_proxy13.csv,csi_to_pose_lmh/pose_gt_world/full_33_landmarks/unstable_walking/lmh/lmh_unstable_walking_t005_full33.csv
lmh,lmh,unstable_walking,t006,6,quiet,val,True,True,True,True,csi_to_pose_lmh/csi/warning/gait/unstable_walking/lmh/lmh_unstable_walking_t006.csv,csi_to_pose_lmh/pose_gt_world/proxy_13/unstable_walking/lmh/lmh_unstable_walking_t006_proxy13.csv,csi_to_pose_lmh/pose_gt_world/full_33_landmarks/unstable_walking/lmh/lmh_unstable_walking_t006_full33.csv
lmh,lmh,unstable_walking,t007,7,quiet,test,True,True,True,True,csi_to_pose_lmh/csi/warning/gait/unstable_walking/lmh/lmh_unstable_walking_t007.csv,csi_to_pose_lmh/pose_gt_world/proxy_13/unstable_walking/lmh/lmh_unstable_walking_t007_proxy13.csv,csi_to_pose_lmh/pose_gt_world/full_33_landmarks/unstable_walking/lmh/lmh_unstable_walking_t007_full33.csv
lmh,lmh,unstable_walking,t008,8,aircon,train,True,True,True,True,csi_to_pose_lmh/csi/warning/gait/unstable_walking/lmh/lmh_unstable_walking_t008.csv,csi_to_pose_lmh/pose_gt_world/proxy_13/unstable_walking/lmh/lmh_unstable_walking_t008_proxy13.csv,csi_to_pose_lmh/pose_gt_world/full_33_landmarks/unstable_walking/lmh/lmh_unstable_walking_t008_full33.csv
lmh,lmh,unstable_walking,t009,9,aircon,train,True,True,True,True,csi_to_pose_lmh/csi/warning/gait/unstable_walking/lmh/lmh_unstable_walking_t009.csv,csi_to_pose_lmh/pose_gt_world/proxy_13/unstable_walking/lmh/lmh_unstable_walking_t009_proxy13.csv,csi_to_pose_lmh/pose_gt_world/full_33_landmarks/unstable_walking/lmh/lmh_unstable_walking_t009_full33.csv
lmh,lmh,unstable_walking,t010,10,aircon,train,True,True,True,True,csi_to_pose_lmh/csi/warning/gait/unstable_walking/lmh/lmh_unstable_walking_t010.csv,csi_to_pose_lmh/pose_gt_world/proxy_13/unstable_walking/lmh/lmh_unstable_walking_t010_proxy13.csv,csi_to_pose_lmh/pose_gt_world/full_33_landmarks/unstable_walking/lmh/lmh_unstable_walking_t010_full33.csv
lmh,lmh,unstable_walking,t011,11,aircon,train,True,True,True,True,csi_to_pose_lmh/csi/warning/gait/unstable_walking/lmh/lmh_unstable_walking_t011.csv,csi_to_pose_lmh/pose_gt_world/proxy_13/unstable_walking/lmh/lmh_unstable_walking_t011_proxy13.csv,csi_to_pose_lmh/pose_gt_world/full_33_landmarks/unstable_walking/lmh/lmh_unstable_walking_t011_full33.csv
lmh,lmh,unstable_walking,t012,12,aircon,val,True,True,True,True,csi_to_pose_lmh/csi/warning/gait/unstable_walking/lmh/lmh_unstable_walking_t012.csv,csi_to_pose_lmh/pose_gt_world/proxy_13/unstable_walking/lmh/lmh_unstable_walking_t012_proxy13.csv,csi_to_pose_lmh/pose_gt_world/full_33_landmarks/unstable_walking/lmh/lmh_unstable_walking_t012_full33.csv
lmh,lmh,unstable_walking,t013,13,aircon,test,True,True,True,True,csi_to_pose_lmh/csi/warning/gait/unstable_walking/lmh/lmh_unstable_walking_t013.csv,csi_to_pose_lmh/pose_gt_world/proxy_13/unstable_walking/lmh/lmh_unstable_walking_t013_proxy13.csv,csi_to_pose_lmh/pose_gt_world/full_33_landmarks/unstable_walking/lmh/lmh_unstable_walking_t013_full33.csv
lmh,lmh,unstable_walking,t014,14,tv,train,True,True,True,True,csi_to_pose_lmh/csi/warning/gait/unstable_walking/lmh/lmh_unstable_walking_t014.csv,csi_to_pose_lmh/pose_gt_world/proxy_13/unstable_walking/lmh/lmh_unstable_walking_t014_proxy13.csv,csi_to_pose_lmh/pose_gt_world/full_33_landmarks/unstable_walking/lmh/lmh_unstable_walking_t014_full33.csv
lmh,lmh,unstable_walking,t015,15,tv,train,True,True,True,True,csi_to_pose_lmh/csi/warning/gait/unstable_walking/lmh/lmh_unstable_walking_t015.csv,csi_to_pose_lmh/pose_gt_world/proxy_13/unstable_walking/lmh/lmh_unstable_walking_t015_proxy13.csv,csi_to_pose_lmh/pose_gt_world/full_33_landmarks/unstable_walking/lmh/lmh_unstable_walking_t015_full33.csv
lmh,lmh,unstable_walking,t016,16,tv,train,True,True,True,True,csi_to_pose_lmh/csi/warning/gait/unstable_walking/lmh/lmh_unstable_walking_t016.csv,csi_to_pose_lmh/pose_gt_world/proxy_13/unstable_walking/lmh/lmh_unstable_walking_t016_proxy13.csv,csi_to_pose_lmh/pose_gt_world/full_33_landmarks/unstable_walking/lmh/lmh_unstable_walking_t016_full33.csv
lmh,lmh,unstable_walking,t017,17,tv,train,True,True,True,True,csi_to_pose_lmh/csi/warning/gait/unstable_walking/lmh/lmh_unstable_walking_t017.csv,csi_to_pose_lmh/pose_gt_world/proxy_13/unstable_walking/lmh/lmh_unstable_walking_t017_proxy13.csv,csi_to_pose_lmh/pose_gt_world/full_33_landmarks/unstable_walking/lmh/lmh_unstable_walking_t017_full33.csv
lmh,lmh,unstable_walking,t018,18,tv,val,True,True,True,True,csi_to_pose_lmh/csi/warning/gait/unstable_walking/lmh/lmh_unstable_walking_t018.csv,csi_to_pose_lmh/pose_gt_world/proxy_13/unstable_walking/lmh/lmh_unstable_walking_t018_proxy13.csv,csi_to_pose_lmh/pose_gt_world/full_33_landmarks/unstable_walking/lmh/lmh_unstable_walking_t018_full33.csv
lmh,lmh,unstable_walking,t019,19,tv,test,True,True,True,True,csi_to_pose_lmh/csi/warning/gait/unstable_walking/lmh/lmh_unstable_walking_t019.csv,csi_to_pose_lmh/pose_gt_world/proxy_13/unstable_walking/lmh/lmh_unstable_walking_t019_proxy13.csv,csi_to_pose_lmh/pose_gt_world/full_33_landmarks/unstable_walking/lmh/lmh_unstable_walking_t019_full33.csv
lmh,lmh,unstable_walking,t020,20,music,train,True,True,True,True,csi_to_pose_lmh/csi/warning/gait/unstable_walking/lmh/lmh_unstable_walking_t020.csv,csi_to_pose_lmh/pose_gt_world/proxy_13/unstable_walking/lmh/lmh_unstable_walking_t020_proxy13.csv,csi_to_pose_lmh/pose_gt_world/full_33_landmarks/unstable_walking/lmh/lmh_unstable_walking_t020_full33.csv
lmh,lmh,unstable_walking,t021,21,music,train,True,True,True,True,csi_to_pose_lmh/csi/warning/gait/unstable_walking/lmh/lmh_unstable_walking_t021.csv,csi_to_pose_lmh/pose_gt_world/proxy_13/unstable_walking/lmh/lmh_unstable_walking_t021_proxy13.csv,csi_to_pose_lmh/pose_gt_world/full_33_landmarks/unstable_walking/lmh/lmh_unstable_walking_t021_full33.csv
lmh,lmh,unstable_walking,t022,22,music,train,True,True,True,True,csi_to_pose_lmh/csi/warning/gait/unstable_walking/lmh/lmh_unstable_walking_t022.csv,csi_to_pose_lmh/pose_gt_world/proxy_13/unstable_walking/lmh/lmh_unstable_walking_t022_proxy13.csv,csi_to_pose_lmh/pose_gt_world/full_33_landmarks/unstable_walking/lmh/lmh_unstable_walking_t022_full33.csv
lmh,lmh,unstable_walking,t023,23,music,train,True,True,True,True,csi_to_pose_lmh/csi/warning/gait/unstable_walking/lmh/lmh_unstable_walking_t023.csv,csi_to_pose_lmh/pose_gt_world/proxy_13/unstable_walking/lmh/lmh_unstable_walking_t023_proxy13.csv,csi_to_pose_lmh/pose_gt_world/full_33_landmarks/unstable_walking/lmh/lmh_unstable_walking_t023_full33.csv
lmh,lmh,unstable_walking,t024,24,music,val,True,True,True,True,csi_to_pose_lmh/csi/warning/gait/unstable_walking/lmh/lmh_unstable_walking_t024.csv,csi_to_pose_lmh/pose_gt_world/proxy_13/unstable_walking/lmh/lmh_unstable_walking_t024_proxy13.csv,csi_to_pose_lmh/pose_gt_world/full_33_landmarks/unstable_walking/lmh/lmh_unstable_walking_t024_full33.csv
lmh,lmh,unstable_walking,t025,25,music,test,True,True,True,True,csi_to_pose_lmh/csi/warning/gait/unstable_walking/lmh/lmh_unstable_walking_t025.csv,csi_to_pose_lmh/pose_gt_world/proxy_13/unstable_walking/lmh/lmh_unstable_walking_t025_proxy13.csv,csi_to_pose_lmh/pose_gt_world/full_33_landmarks/unstable_walking/lmh/lmh_unstable_walking_t025_full33.csv
lmh,lmh,post_fall_inactive,t001,1,quiet,train,True,True,True,True,csi_to_pose_lmh/csi/danger/fall/post_fall_inactive/lmh/lmh_post_fall_inactive_t001.csv,csi_to_pose_lmh/pose_gt_world/proxy_13/post_fall_inactive/lmh/lmh_post_fall_inactive_t001_proxy13.csv,csi_to_pose_lmh/pose_gt_world/full_33_landmarks/post_fall_inactive/lmh/lmh_post_fall_inactive_t001_full33.csv
lmh,lmh,post_fall_inactive,t002,2,quiet,train,True,True,True,True,csi_to_pose_lmh/csi/danger/fall/post_fall_inactive/lmh/lmh_post_fall_inactive_t002.csv,csi_to_pose_lmh/pose_gt_world/proxy_13/post_fall_inactive/lmh/lmh_post_fall_inactive_t002_proxy13.csv,csi_to_pose_lmh/pose_gt_world/full_33_landmarks/post_fall_inactive/lmh/lmh_post_fall_inactive_t002_full33.csv
lmh,lmh,post_fall_inactive,t003,3,quiet,train,True,True,True,True,csi_to_pose_lmh/csi/danger/fall/post_fall_inactive/lmh/lmh_post_fall_inactive_t003.csv,csi_to_pose_lmh/pose_gt_world/proxy_13/post_fall_inactive/lmh/lmh_post_fall_inactive_t003_proxy13.csv,csi_to_pose_lmh/pose_gt_world/full_33_landmarks/post_fall_inactive/lmh/lmh_post_fall_inactive_t003_full33.csv
lmh,lmh,post_fall_inactive,t004,4,quiet,train,True,True,True,True,csi_to_pose_lmh/csi/danger/fall/post_fall_inactive/lmh/lmh_post_fall_inactive_t004.csv,csi_to_pose_lmh/pose_gt_world/proxy_13/post_fall_inactive/lmh/lmh_post_fall_inactive_t004_proxy13.csv,csi_to_pose_lmh/pose_gt_world/full_33_landmarks/post_fall_inactive/lmh/lmh_post_fall_inactive_t004_full33.csv
lmh,lmh,post_fall_inactive,t005,5,quiet,train,True,True,True,True,csi_to_pose_lmh/csi/danger/fall/post_fall_inactive/lmh/lmh_post_fall_inactive_t005.csv,csi_to_pose_lmh/pose_gt_world/proxy_13/post_fall_inactive/lmh/lmh_post_fall_inactive_t005_proxy13.csv,csi_to_pose_lmh/pose_gt_world/full_33_landmarks/post_fall_inactive/lmh/lmh_post_fall_inactive_t005_full33.csv
lmh,lmh,post_fall_inactive,t006,6,quiet,val,True,True,True,True,csi_to_pose_lmh/csi/danger/fall/post_fall_inactive/lmh/lmh_post_fall_inactive_t006.csv,csi_to_pose_lmh/pose_gt_world/proxy_13/post_fall_inactive/lmh/lmh_post_fall_inactive_t006_proxy13.csv,csi_to_pose_lmh/pose_gt_world/full_33_landmarks/post_fall_inactive/lmh/lmh_post_fall_inactive_t006_full33.csv
lmh,lmh,post_fall_inactive,t007,7,quiet,test,True,True,True,True,csi_to_pose_lmh/csi/danger/fall/post_fall_inactive/lmh/lmh_post_fall_inactive_t007.csv,csi_to_pose_lmh/pose_gt_world/proxy_13/post_fall_inactive/lmh/lmh_post_fall_inactive_t007_proxy13.csv,csi_to_pose_lmh/pose_gt_world/full_33_landmarks/post_fall_inactive/lmh/lmh_post_fall_inactive_t007_full33.csv
lmh,lmh,post_fall_inactive,t008,8,aircon,train,True,True,True,True,csi_to_pose_lmh/csi/danger/fall/post_fall_inactive/lmh/lmh_post_fall_inactive_t008.csv,csi_to_pose_lmh/pose_gt_world/proxy_13/post_fall_inactive/lmh/lmh_post_fall_inactive_t008_proxy13.csv,csi_to_pose_lmh/pose_gt_world/full_33_landmarks/post_fall_inactive/lmh/lmh_post_fall_inactive_t008_full33.csv
lmh,lmh,post_fall_inactive,t009,9,aircon,train,True,True,True,True,csi_to_pose_lmh/csi/danger/fall/post_fall_inactive/lmh/lmh_post_fall_inactive_t009.csv,csi_to_pose_lmh/pose_gt_world/proxy_13/post_fall_inactive/lmh/lmh_post_fall_inactive_t009_proxy13.csv,csi_to_pose_lmh/pose_gt_world/full_33_landmarks/post_fall_inactive/lmh/lmh_post_fall_inactive_t009_full33.csv
lmh,lmh,post_fall_inactive,t010,10,aircon,train,True,True,True,True,csi_to_pose_lmh/csi/danger/fall/post_fall_inactive/lmh/lmh_post_fall_inactive_t010.csv,csi_to_pose_lmh/pose_gt_world/proxy_13/post_fall_inactive/lmh/lmh_post_fall_inactive_t010_proxy13.csv,csi_to_pose_lmh/pose_gt_world/full_33_landmarks/post_fall_inactive/lmh/lmh_post_fall_inactive_t010_full33.csv
lmh,lmh,post_fall_inactive,t011,11,aircon,train,True,True,True,True,csi_to_pose_lmh/csi/danger/fall/post_fall_inactive/lmh/lmh_post_fall_inactive_t011.csv,csi_to_pose_lmh/pose_gt_world/proxy_13/post_fall_inactive/lmh/lmh_post_fall_inactive_t011_proxy13.csv,csi_to_pose_lmh/pose_gt_world/full_33_landmarks/post_fall_inactive/lmh/lmh_post_fall_inactive_t011_full33.csv
lmh,lmh,post_fall_inactive,t012,12,aircon,val,True,True,True,True,csi_to_pose_lmh/csi/danger/fall/post_fall_inactive/lmh/lmh_post_fall_inactive_t012.csv,csi_to_pose_lmh/pose_gt_world/proxy_13/post_fall_inactive/lmh/lmh_post_fall_inactive_t012_proxy13.csv,csi_to_pose_lmh/pose_gt_world/full_33_landmarks/post_fall_inactive/lmh/lmh_post_fall_inactive_t012_full33.csv
lmh,lmh,post_fall_inactive,t013,13,aircon,test,True,True,True,True,csi_to_pose_lmh/csi/danger/fall/post_fall_inactive/lmh/lmh_post_fall_inactive_t013.csv,csi_to_pose_lmh/pose_gt_world/proxy_13/post_fall_inactive/lmh/lmh_post_fall_inactive_t013_proxy13.csv,csi_to_pose_lmh/pose_gt_world/full_33_landmarks/post_fall_inactive/lmh/lmh_post_fall_inactive_t013_full33.csv
lmh,lmh,post_fall_inactive,t014,14,tv,train,True,True,True,True,csi_to_pose_lmh/csi/danger/fall/post_fall_inactive/lmh/lmh_post_fall_inactive_t014.csv,csi_to_pose_lmh/pose_gt_world/proxy_13/post_fall_inactive/lmh/lmh_post_fall_inactive_t014_proxy13.csv,csi_to_pose_lmh/pose_gt_world/full_33_landmarks/post_fall_inactive/lmh/lmh_post_fall_inactive_t014_full33.csv
lmh,lmh,post_fall_inactive,t015,15,tv,train,True,True,True,True,csi_to_pose_lmh/csi/danger/fall/post_fall_inactive/lmh/lmh_post_fall_inactive_t015.csv,csi_to_pose_lmh/pose_gt_world/proxy_13/post_fall_inactive/lmh/lmh_post_fall_inactive_t015_proxy13.csv,csi_to_pose_lmh/pose_gt_world/full_33_landmarks/post_fall_inactive/lmh/lmh_post_fall_inactive_t015_full33.csv
lmh,lmh,post_fall_inactive,t016,16,tv,train,True,True,True,True,csi_to_pose_lmh/csi/danger/fall/post_fall_inactive/lmh/lmh_post_fall_inactive_t016.csv,csi_to_pose_lmh/pose_gt_world/proxy_13/post_fall_inactive/lmh/lmh_post_fall_inactive_t016_proxy13.csv,csi_to_pose_lmh/pose_gt_world/full_33_landmarks/post_fall_inactive/lmh/lmh_post_fall_inactive_t016_full33.csv
lmh,lmh,post_fall_inactive,t017,17,tv,train,True,True,True,True,csi_to_pose_lmh/csi/danger/fall/post_fall_inactive/lmh/lmh_post_fall_inactive_t017.csv,csi_to_pose_lmh/pose_gt_world/proxy_13/post_fall_inactive/lmh/lmh_post_fall_inactive_t017_proxy13.csv,csi_to_pose_lmh/pose_gt_world/full_33_landmarks/post_fall_inactive/lmh/lmh_post_fall_inactive_t017_full33.csv
lmh,lmh,post_fall_inactive,t018,18,tv,val,True,True,True,True,csi_to_pose_lmh/csi/danger/fall/post_fall_inactive/lmh/lmh_post_fall_inactive_t018.csv,csi_to_pose_lmh/pose_gt_world/proxy_13/post_fall_inactive/lmh/lmh_post_fall_inactive_t018_proxy13.csv,csi_to_pose_lmh/pose_gt_world/full_33_landmarks/post_fall_inactive/lmh/lmh_post_fall_inactive_t018_full33.csv
lmh,lmh,post_fall_inactive,t019,19,tv,test,True,True,True,True,csi_to_pose_lmh/csi/danger/fall/post_fall_inactive/lmh/lmh_post_fall_inactive_t019.csv,csi_to_pose_lmh/pose_gt_world/proxy_13/post_fall_inactive/lmh/lmh_post_fall_inactive_t019_proxy13.csv,csi_to_pose_lmh/pose_gt_world/full_33_landmarks/post_fall_inactive/lmh/lmh_post_fall_inactive_t019_full33.csv
lmh,lmh,post_fall_inactive,t020,20,music,train,True,True,True,True,csi_to_pose_lmh/csi/danger/fall/post_fall_inactive/lmh/lmh_post_fall_inactive_t020.csv,csi_to_pose_lmh/pose_gt_world/proxy_13/post_fall_inactive/lmh/lmh_post_fall_inactive_t020_proxy13.csv,csi_to_pose_lmh/pose_gt_world/full_33_landmarks/post_fall_inactive/lmh/lmh_post_fall_inactive_t020_full33.csv
lmh,lmh,post_fall_inactive,t021,21,music,train,True,True,True,True,csi_to_pose_lmh/csi/danger/fall/post_fall_inactive/lmh/lmh_post_fall_inactive_t021.csv,csi_to_pose_lmh/pose_gt_world/proxy_13/post_fall_inactive/lmh/lmh_post_fall_inactive_t021_proxy13.csv,csi_to_pose_lmh/pose_gt_world/full_33_landmarks/post_fall_inactive/lmh/lmh_post_fall_inactive_t021_full33.csv
lmh,lmh,post_fall_inactive,t022,22,music,train,True,True,True,True,csi_to_pose_lmh/csi/danger/fall/post_fall_inactive/lmh/lmh_post_fall_inactive_t022.csv,csi_to_pose_lmh/pose_gt_world/proxy_13/post_fall_inactive/lmh/lmh_post_fall_inactive_t022_proxy13.csv,csi_to_pose_lmh/pose_gt_world/full_33_landmarks/post_fall_inactive/lmh/lmh_post_fall_inactive_t022_full33.csv
lmh,lmh,post_fall_inactive,t023,23,music,train,True,True,True,True,csi_to_pose_lmh/csi/danger/fall/post_fall_inactive/lmh/lmh_post_fall_inactive_t023.csv,csi_to_pose_lmh/pose_gt_world/proxy_13/post_fall_inactive/lmh/lmh_post_fall_inactive_t023_proxy13.csv,csi_to_pose_lmh/pose_gt_world/full_33_landmarks/post_fall_inactive/lmh/lmh_post_fall_inactive_t023_full33.csv
lmh,lmh,post_fall_inactive,t024,24,music,val,True,True,True,True,csi_to_pose_lmh/csi/danger/fall/post_fall_inactive/lmh/lmh_post_fall_inactive_t024.csv,csi_to_pose_lmh/pose_gt_world/proxy_13/post_fall_inactive/lmh/lmh_post_fall_inactive_t024_proxy13.csv,csi_to_pose_lmh/pose_gt_world/full_33_landmarks/post_fall_inactive/lmh/lmh_post_fall_inactive_t024_full33.csv
lmh,lmh,post_fall_inactive,t025,25,music,test,True,True,True,True,csi_to_pose_lmh/csi/danger/fall/post_fall_inactive/lmh/lmh_post_fall_inactive_t025.csv,csi_to_pose_lmh/pose_gt_world/proxy_13/post_fall_inactive/lmh/lmh_post_fall_inactive_t025_proxy13.csv,csi_to_pose_lmh/pose_gt_world/full_33_landmarks/post_fall_inactive/lmh/lmh_post_fall_inactive_t025_full33.csv
mhw,mhw,standing_still,t001,1,quiet,train,True,True,True,True,csi_to_pose_mhw/csi/safe/posture/standing_still/mhw/mhw_standing_still_t001.csv,csi_to_pose_mhw/pose_gt_world/proxy_13/standing_still/mhw/mhw_standing_still_t001_proxy13.csv,csi_to_pose_mhw/pose_gt_world/full_33_landmarks/standing_still/mhw/mhw_standing_still_t001_full33.csv
mhw,mhw,standing_still,t002,2,quiet,train,True,True,True,True,csi_to_pose_mhw/csi/safe/posture/standing_still/mhw/mhw_standing_still_t002.csv,csi_to_pose_mhw/pose_gt_world/proxy_13/standing_still/mhw/mhw_standing_still_t002_proxy13.csv,csi_to_pose_mhw/pose_gt_world/full_33_landmarks/standing_still/mhw/mhw_standing_still_t002_full33.csv
mhw,mhw,standing_still,t003,3,quiet,train,True,True,True,True,csi_to_pose_mhw/csi/safe/posture/standing_still/mhw/mhw_standing_still_t003.csv,csi_to_pose_mhw/pose_gt_world/proxy_13/standing_still/mhw/mhw_standing_still_t003_proxy13.csv,csi_to_pose_mhw/pose_gt_world/full_33_landmarks/standing_still/mhw/mhw_standing_still_t003_full33.csv
mhw,mhw,standing_still,t004,4,quiet,train,True,True,True,True,csi_to_pose_mhw/csi/safe/posture/standing_still/mhw/mhw_standing_still_t004.csv,csi_to_pose_mhw/pose_gt_world/proxy_13/standing_still/mhw/mhw_standing_still_t004_proxy13.csv,csi_to_pose_mhw/pose_gt_world/full_33_landmarks/standing_still/mhw/mhw_standing_still_t004_full33.csv
mhw,mhw,standing_still,t005,5,quiet,train,True,True,True,True,csi_to_pose_mhw/csi/safe/posture/standing_still/mhw/mhw_standing_still_t005.csv,csi_to_pose_mhw/pose_gt_world/proxy_13/standing_still/mhw/mhw_standing_still_t005_proxy13.csv,csi_to_pose_mhw/pose_gt_world/full_33_landmarks/standing_still/mhw/mhw_standing_still_t005_full33.csv
mhw,mhw,standing_still,t006,6,quiet,val,True,True,True,True,csi_to_pose_mhw/csi/safe/posture/standing_still/mhw/mhw_standing_still_t006.csv,csi_to_pose_mhw/pose_gt_world/proxy_13/standing_still/mhw/mhw_standing_still_t006_proxy13.csv,csi_to_pose_mhw/pose_gt_world/full_33_landmarks/standing_still/mhw/mhw_standing_still_t006_full33.csv
mhw,mhw,standing_still,t007,7,quiet,test,True,True,True,True,csi_to_pose_mhw/csi/safe/posture/standing_still/mhw/mhw_standing_still_t007.csv,csi_to_pose_mhw/pose_gt_world/proxy_13/standing_still/mhw/mhw_standing_still_t007_proxy13.csv,csi_to_pose_mhw/pose_gt_world/full_33_landmarks/standing_still/mhw/mhw_standing_still_t007_full33.csv
mhw,mhw,standing_still,t008,8,aircon,train,True,True,True,True,csi_to_pose_mhw/csi/safe/posture/standing_still/mhw/mhw_standing_still_t008.csv,csi_to_pose_mhw/pose_gt_world/proxy_13/standing_still/mhw/mhw_standing_still_t008_proxy13.csv,csi_to_pose_mhw/pose_gt_world/full_33_landmarks/standing_still/mhw/mhw_standing_still_t008_full33.csv
mhw,mhw,standing_still,t009,9,aircon,train,True,True,True,True,csi_to_pose_mhw/csi/safe/posture/standing_still/mhw/mhw_standing_still_t009.csv,csi_to_pose_mhw/pose_gt_world/proxy_13/standing_still/mhw/mhw_standing_still_t009_proxy13.csv,csi_to_pose_mhw/pose_gt_world/full_33_landmarks/standing_still/mhw/mhw_standing_still_t009_full33.csv
mhw,mhw,standing_still,t010,10,aircon,train,True,True,True,True,csi_to_pose_mhw/csi/safe/posture/standing_still/mhw/mhw_standing_still_t010.csv,csi_to_pose_mhw/pose_gt_world/proxy_13/standing_still/mhw/mhw_standing_still_t010_proxy13.csv,csi_to_pose_mhw/pose_gt_world/full_33_landmarks/standing_still/mhw/mhw_standing_still_t010_full33.csv
mhw,mhw,standing_still,t011,11,aircon,train,True,True,True,True,csi_to_pose_mhw/csi/safe/posture/standing_still/mhw/mhw_standing_still_t011.csv,csi_to_pose_mhw/pose_gt_world/proxy_13/standing_still/mhw/mhw_standing_still_t011_proxy13.csv,csi_to_pose_mhw/pose_gt_world/full_33_landmarks/standing_still/mhw/mhw_standing_still_t011_full33.csv
mhw,mhw,standing_still,t012,12,aircon,val,True,True,True,True,csi_to_pose_mhw/csi/safe/posture/standing_still/mhw/mhw_standing_still_t012.csv,csi_to_pose_mhw/pose_gt_world/proxy_13/standing_still/mhw/mhw_standing_still_t012_proxy13.csv,csi_to_pose_mhw/pose_gt_world/full_33_landmarks/standing_still/mhw/mhw_standing_still_t012_full33.csv
mhw,mhw,standing_still,t013,13,aircon,test,True,True,True,True,csi_to_pose_mhw/csi/safe/posture/standing_still/mhw/mhw_standing_still_t013.csv,csi_to_pose_mhw/pose_gt_world/proxy_13/standing_still/mhw/mhw_standing_still_t013_proxy13.csv,csi_to_pose_mhw/pose_gt_world/full_33_landmarks/standing_still/mhw/mhw_standing_still_t013_full33.csv
mhw,mhw,standing_still,t014,14,tv,train,True,True,True,True,csi_to_pose_mhw/csi/safe/posture/standing_still/mhw/mhw_standing_still_t014.csv,csi_to_pose_mhw/pose_gt_world/proxy_13/standing_still/mhw/mhw_standing_still_t014_proxy13.csv,csi_to_pose_mhw/pose_gt_world/full_33_landmarks/standing_still/mhw/mhw_standing_still_t014_full33.csv
mhw,mhw,standing_still,t015,15,tv,train,True,True,True,True,csi_to_pose_mhw/csi/safe/posture/standing_still/mhw/mhw_standing_still_t015.csv,csi_to_pose_mhw/pose_gt_world/proxy_13/standing_still/mhw/mhw_standing_still_t015_proxy13.csv,csi_to_pose_mhw/pose_gt_world/full_33_landmarks/standing_still/mhw/mhw_standing_still_t015_full33.csv
mhw,mhw,standing_still,t016,16,tv,train,True,True,True,True,csi_to_pose_mhw/csi/safe/posture/standing_still/mhw/mhw_standing_still_t016.csv,csi_to_pose_mhw/pose_gt_world/proxy_13/standing_still/mhw/mhw_standing_still_t016_proxy13.csv,csi_to_pose_mhw/pose_gt_world/full_33_landmarks/standing_still/mhw/mhw_standing_still_t016_full33.csv
mhw,mhw,standing_still,t017,17,tv,train,True,True,True,True,csi_to_pose_mhw/csi/safe/posture/standing_still/mhw/mhw_standing_still_t017.csv,csi_to_pose_mhw/pose_gt_world/proxy_13/standing_still/mhw/mhw_standing_still_t017_proxy13.csv,csi_to_pose_mhw/pose_gt_world/full_33_landmarks/standing_still/mhw/mhw_standing_still_t017_full33.csv
mhw,mhw,standing_still,t018,18,tv,val,True,True,True,True,csi_to_pose_mhw/csi/safe/posture/standing_still/mhw/mhw_standing_still_t018.csv,csi_to_pose_mhw/pose_gt_world/proxy_13/standing_still/mhw/mhw_standing_still_t018_proxy13.csv,csi_to_pose_mhw/pose_gt_world/full_33_landmarks/standing_still/mhw/mhw_standing_still_t018_full33.csv
mhw,mhw,standing_still,t019,19,tv,test,True,True,True,True,csi_to_pose_mhw/csi/safe/posture/standing_still/mhw/mhw_standing_still_t019.csv,csi_to_pose_mhw/pose_gt_world/proxy_13/standing_still/mhw/mhw_standing_still_t019_proxy13.csv,csi_to_pose_mhw/pose_gt_world/full_33_landmarks/standing_still/mhw/mhw_standing_still_t019_full33.csv
mhw,mhw,standing_still,t020,20,music,train,True,True,True,True,csi_to_pose_mhw/csi/safe/posture/standing_still/mhw/mhw_standing_still_t020.csv,csi_to_pose_mhw/pose_gt_world/proxy_13/standing_still/mhw/mhw_standing_still_t020_proxy13.csv,csi_to_pose_mhw/pose_gt_world/full_33_landmarks/standing_still/mhw/mhw_standing_still_t020_full33.csv
mhw,mhw,standing_still,t021,21,music,train,True,True,True,True,csi_to_pose_mhw/csi/safe/posture/standing_still/mhw/mhw_standing_still_t021.csv,csi_to_pose_mhw/pose_gt_world/proxy_13/standing_still/mhw/mhw_standing_still_t021_proxy13.csv,csi_to_pose_mhw/pose_gt_world/full_33_landmarks/standing_still/mhw/mhw_standing_still_t021_full33.csv
mhw,mhw,standing_still,t022,22,music,train,True,True,True,True,csi_to_pose_mhw/csi/safe/posture/standing_still/mhw/mhw_standing_still_t022.csv,csi_to_pose_mhw/pose_gt_world/proxy_13/standing_still/mhw/mhw_standing_still_t022_proxy13.csv,csi_to_pose_mhw/pose_gt_world/full_33_landmarks/standing_still/mhw/mhw_standing_still_t022_full33.csv
mhw,mhw,standing_still,t023,23,music,train,True,True,True,True,csi_to_pose_mhw/csi/safe/posture/standing_still/mhw/mhw_standing_still_t023.csv,csi_to_pose_mhw/pose_gt_world/proxy_13/standing_still/mhw/mhw_standing_still_t023_proxy13.csv,csi_to_pose_mhw/pose_gt_world/full_33_landmarks/standing_still/mhw/mhw_standing_still_t023_full33.csv
mhw,mhw,standing_still,t024,24,music,val,True,True,True,True,csi_to_pose_mhw/csi/safe/posture/standing_still/mhw/mhw_standing_still_t024.csv,csi_to_pose_mhw/pose_gt_world/proxy_13/standing_still/mhw/mhw_standing_still_t024_proxy13.csv,csi_to_pose_mhw/pose_gt_world/full_33_landmarks/standing_still/mhw/mhw_standing_still_t024_full33.csv
mhw,mhw,standing_still,t025,25,music,test,True,True,True,True,csi_to_pose_mhw/csi/safe/posture/standing_still/mhw/mhw_standing_still_t025.csv,csi_to_pose_mhw/pose_gt_world/proxy_13/standing_still/mhw/mhw_standing_still_t025_proxy13.csv,csi_to_pose_mhw/pose_gt_world/full_33_landmarks/standing_still/mhw/mhw_standing_still_t025_full33.csv
mhw,mhw,sitting_still,t001,1,quiet,train,True,True,True,True,csi_to_pose_mhw/csi/safe/posture/sitting_still/mhw/mhw_sitting_still_t001.csv,csi_to_pose_mhw/pose_gt_world/proxy_13/sitting_still/mhw/mhw_sitting_still_t001_proxy13.csv,csi_to_pose_mhw/pose_gt_world/full_33_landmarks/sitting_still/mhw/mhw_sitting_still_t001_full33.csv
mhw,mhw,sitting_still,t002,2,quiet,train,True,True,True,True,csi_to_pose_mhw/csi/safe/posture/sitting_still/mhw/mhw_sitting_still_t002.csv,csi_to_pose_mhw/pose_gt_world/proxy_13/sitting_still/mhw/mhw_sitting_still_t002_proxy13.csv,csi_to_pose_mhw/pose_gt_world/full_33_landmarks/sitting_still/mhw/mhw_sitting_still_t002_full33.csv
mhw,mhw,sitting_still,t003,3,quiet,train,True,True,True,True,csi_to_pose_mhw/csi/safe/posture/sitting_still/mhw/mhw_sitting_still_t003.csv,csi_to_pose_mhw/pose_gt_world/proxy_13/sitting_still/mhw/mhw_sitting_still_t003_proxy13.csv,csi_to_pose_mhw/pose_gt_world/full_33_landmarks/sitting_still/mhw/mhw_sitting_still_t003_full33.csv
mhw,mhw,sitting_still,t004,4,quiet,train,True,True,True,True,csi_to_pose_mhw/csi/safe/posture/sitting_still/mhw/mhw_sitting_still_t004.csv,csi_to_pose_mhw/pose_gt_world/proxy_13/sitting_still/mhw/mhw_sitting_still_t004_proxy13.csv,csi_to_pose_mhw/pose_gt_world/full_33_landmarks/sitting_still/mhw/mhw_sitting_still_t004_full33.csv
mhw,mhw,sitting_still,t005,5,quiet,train,True,True,True,True,csi_to_pose_mhw/csi/safe/posture/sitting_still/mhw/mhw_sitting_still_t005.csv,csi_to_pose_mhw/pose_gt_world/proxy_13/sitting_still/mhw/mhw_sitting_still_t005_proxy13.csv,csi_to_pose_mhw/pose_gt_world/full_33_landmarks/sitting_still/mhw/mhw_sitting_still_t005_full33.csv
mhw,mhw,sitting_still,t006,6,quiet,val,True,True,True,True,csi_to_pose_mhw/csi/safe/posture/sitting_still/mhw/mhw_sitting_still_t006.csv,csi_to_pose_mhw/pose_gt_world/proxy_13/sitting_still/mhw/mhw_sitting_still_t006_proxy13.csv,csi_to_pose_mhw/pose_gt_world/full_33_landmarks/sitting_still/mhw/mhw_sitting_still_t006_full33.csv
mhw,mhw,sitting_still,t007,7,quiet,test,True,True,True,True,csi_to_pose_mhw/csi/safe/posture/sitting_still/mhw/mhw_sitting_still_t007.csv,csi_to_pose_mhw/pose_gt_world/proxy_13/sitting_still/mhw/mhw_sitting_still_t007_proxy13.csv,csi_to_pose_mhw/pose_gt_world/full_33_landmarks/sitting_still/mhw/mhw_sitting_still_t007_full33.csv
mhw,mhw,sitting_still,t008,8,aircon,train,True,True,True,True,csi_to_pose_mhw/csi/safe/posture/sitting_still/mhw/mhw_sitting_still_t008.csv,csi_to_pose_mhw/pose_gt_world/proxy_13/sitting_still/mhw/mhw_sitting_still_t008_proxy13.csv,csi_to_pose_mhw/pose_gt_world/full_33_landmarks/sitting_still/mhw/mhw_sitting_still_t008_full33.csv
mhw,mhw,sitting_still,t009,9,aircon,train,True,True,True,True,csi_to_pose_mhw/csi/safe/posture/sitting_still/mhw/mhw_sitting_still_t009.csv,csi_to_pose_mhw/pose_gt_world/proxy_13/sitting_still/mhw/mhw_sitting_still_t009_proxy13.csv,csi_to_pose_mhw/pose_gt_world/full_33_landmarks/sitting_still/mhw/mhw_sitting_still_t009_full33.csv
mhw,mhw,sitting_still,t010,10,aircon,train,True,True,True,True,csi_to_pose_mhw/csi/safe/posture/sitting_still/mhw/mhw_sitting_still_t010.csv,csi_to_pose_mhw/pose_gt_world/proxy_13/sitting_still/mhw/mhw_sitting_still_t010_proxy13.csv,csi_to_pose_mhw/pose_gt_world/full_33_landmarks/sitting_still/mhw/mhw_sitting_still_t010_full33.csv
mhw,mhw,sitting_still,t011,11,aircon,train,True,True,True,True,csi_to_pose_mhw/csi/safe/posture/sitting_still/mhw/mhw_sitting_still_t011.csv,csi_to_pose_mhw/pose_gt_world/proxy_13/sitting_still/mhw/mhw_sitting_still_t011_proxy13.csv,csi_to_pose_mhw/pose_gt_world/full_33_landmarks/sitting_still/mhw/mhw_sitting_still_t011_full33.csv
mhw,mhw,sitting_still,t012,12,aircon,val,True,True,True,True,csi_to_pose_mhw/csi/safe/posture/sitting_still/mhw/mhw_sitting_still_t012.csv,csi_to_pose_mhw/pose_gt_world/proxy_13/sitting_still/mhw/mhw_sitting_still_t012_proxy13.csv,csi_to_pose_mhw/pose_gt_world/full_33_landmarks/sitting_still/mhw/mhw_sitting_still_t012_full33.csv
mhw,mhw,sitting_still,t013,13,aircon,test,True,True,True,True,csi_to_pose_mhw/csi/safe/posture/sitting_still/mhw/mhw_sitting_still_t013.csv,csi_to_pose_mhw/pose_gt_world/proxy_13/sitting_still/mhw/mhw_sitting_still_t013_proxy13.csv,csi_to_pose_mhw/pose_gt_world/full_33_landmarks/sitting_still/mhw/mhw_sitting_still_t013_full33.csv
mhw,mhw,sitting_still,t014,14,tv,train,True,True,True,True,csi_to_pose_mhw/csi/safe/posture/sitting_still/mhw/mhw_sitting_still_t014.csv,csi_to_pose_mhw/pose_gt_world/proxy_13/sitting_still/mhw/mhw_sitting_still_t014_proxy13.csv,csi_to_pose_mhw/pose_gt_world/full_33_landmarks/sitting_still/mhw/mhw_sitting_still_t014_full33.csv
mhw,mhw,sitting_still,t015,15,tv,train,True,True,True,True,csi_to_pose_mhw/csi/safe/posture/sitting_still/mhw/mhw_sitting_still_t015.csv,csi_to_pose_mhw/pose_gt_world/proxy_13/sitting_still/mhw/mhw_sitting_still_t015_proxy13.csv,csi_to_pose_mhw/pose_gt_world/full_33_landmarks/sitting_still/mhw/mhw_sitting_still_t015_full33.csv
mhw,mhw,sitting_still,t016,16,tv,train,True,True,True,True,csi_to_pose_mhw/csi/safe/posture/sitting_still/mhw/mhw_sitting_still_t016.csv,csi_to_pose_mhw/pose_gt_world/proxy_13/sitting_still/mhw/mhw_sitting_still_t016_proxy13.csv,csi_to_pose_mhw/pose_gt_world/full_33_landmarks/sitting_still/mhw/mhw_sitting_still_t016_full33.csv
mhw,mhw,sitting_still,t017,17,tv,train,True,True,True,True,csi_to_pose_mhw/csi/safe/posture/sitting_still/mhw/mhw_sitting_still_t017.csv,csi_to_pose_mhw/pose_gt_world/proxy_13/sitting_still/mhw/mhw_sitting_still_t017_proxy13.csv,csi_to_pose_mhw/pose_gt_world/full_33_landmarks/sitting_still/mhw/mhw_sitting_still_t017_full33.csv
mhw,mhw,sitting_still,t018,18,tv,val,True,True,True,True,csi_to_pose_mhw/csi/safe/posture/sitting_still/mhw/mhw_sitting_still_t018.csv,csi_to_pose_mhw/pose_gt_world/proxy_13/sitting_still/mhw/mhw_sitting_still_t018_proxy13.csv,csi_to_pose_mhw/pose_gt_world/full_33_landmarks/sitting_still/mhw/mhw_sitting_still_t018_full33.csv
mhw,mhw,sitting_still,t019,19,tv,test,True,True,True,True,csi_to_pose_mhw/csi/safe/posture/sitting_still/mhw/mhw_sitting_still_t019.csv,csi_to_pose_mhw/pose_gt_world/proxy_13/sitting_still/mhw/mhw_sitting_still_t019_proxy13.csv,csi_to_pose_mhw/pose_gt_world/full_33_landmarks/sitting_still/mhw/mhw_sitting_still_t019_full33.csv
mhw,mhw,sitting_still,t020,20,music,train,True,True,True,True,csi_to_pose_mhw/csi/safe/posture/sitting_still/mhw/mhw_sitting_still_t020.csv,csi_to_pose_mhw/pose_gt_world/proxy_13/sitting_still/mhw/mhw_sitting_still_t020_proxy13.csv,csi_to_pose_mhw/pose_gt_world/full_33_landmarks/sitting_still/mhw/mhw_sitting_still_t020_full33.csv
mhw,mhw,sitting_still,t021,21,music,train,True,True,True,True,csi_to_pose_mhw/csi/safe/posture/sitting_still/mhw/mhw_sitting_still_t021.csv,csi_to_pose_mhw/pose_gt_world/proxy_13/sitting_still/mhw/mhw_sitting_still_t021_proxy13.csv,csi_to_pose_mhw/pose_gt_world/full_33_landmarks/sitting_still/mhw/mhw_sitting_still_t021_full33.csv
mhw,mhw,sitting_still,t022,22,music,train,True,True,True,True,csi_to_pose_mhw/csi/safe/posture/sitting_still/mhw/mhw_sitting_still_t022.csv,csi_to_pose_mhw/pose_gt_world/proxy_13/sitting_still/mhw/mhw_sitting_still_t022_proxy13.csv,csi_to_pose_mhw/pose_gt_world/full_33_landmarks/sitting_still/mhw/mhw_sitting_still_t022_full33.csv
mhw,mhw,sitting_still,t023,23,music,train,True,True,True,True,csi_to_pose_mhw/csi/safe/posture/sitting_still/mhw/mhw_sitting_still_t023.csv,csi_to_pose_mhw/pose_gt_world/proxy_13/sitting_still/mhw/mhw_sitting_still_t023_proxy13.csv,csi_to_pose_mhw/pose_gt_world/full_33_landmarks/sitting_still/mhw/mhw_sitting_still_t023_full33.csv
mhw,mhw,sitting_still,t024,24,music,val,True,True,True,True,csi_to_pose_mhw/csi/safe/posture/sitting_still/mhw/mhw_sitting_still_t024.csv,csi_to_pose_mhw/pose_gt_world/proxy_13/sitting_still/mhw/mhw_sitting_still_t024_proxy13.csv,csi_to_pose_mhw/pose_gt_world/full_33_landmarks/sitting_still/mhw/mhw_sitting_still_t024_full33.csv
mhw,mhw,sitting_still,t025,25,music,test,True,True,True,True,csi_to_pose_mhw/csi/safe/posture/sitting_still/mhw/mhw_sitting_still_t025.csv,csi_to_pose_mhw/pose_gt_world/proxy_13/sitting_still/mhw/mhw_sitting_still_t025_proxy13.csv,csi_to_pose_mhw/pose_gt_world/full_33_landmarks/sitting_still/mhw/mhw_sitting_still_t025_full33.csv
mhw,mhw,lying_still,t001,1,quiet,train,True,True,True,True,csi_to_pose_mhw/csi/safe/posture/lying_still/mhw/mhw_lying_still_t001.csv,csi_to_pose_mhw/pose_gt_world/proxy_13/lying_still/mhw/mhw_lying_still_t001_proxy13.csv,csi_to_pose_mhw/pose_gt_world/full_33_landmarks/lying_still/mhw/mhw_lying_still_t001_full33.csv
mhw,mhw,lying_still,t002,2,quiet,train,True,True,True,True,csi_to_pose_mhw/csi/safe/posture/lying_still/mhw/mhw_lying_still_t002.csv,csi_to_pose_mhw/pose_gt_world/proxy_13/lying_still/mhw/mhw_lying_still_t002_proxy13.csv,csi_to_pose_mhw/pose_gt_world/full_33_landmarks/lying_still/mhw/mhw_lying_still_t002_full33.csv
mhw,mhw,lying_still,t003,3,quiet,train,True,True,True,True,csi_to_pose_mhw/csi/safe/posture/lying_still/mhw/mhw_lying_still_t003.csv,csi_to_pose_mhw/pose_gt_world/proxy_13/lying_still/mhw/mhw_lying_still_t003_proxy13.csv,csi_to_pose_mhw/pose_gt_world/full_33_landmarks/lying_still/mhw/mhw_lying_still_t003_full33.csv
mhw,mhw,lying_still,t004,4,quiet,train,True,True,True,True,csi_to_pose_mhw/csi/safe/posture/lying_still/mhw/mhw_lying_still_t004.csv,csi_to_pose_mhw/pose_gt_world/proxy_13/lying_still/mhw/mhw_lying_still_t004_proxy13.csv,csi_to_pose_mhw/pose_gt_world/full_33_landmarks/lying_still/mhw/mhw_lying_still_t004_full33.csv
mhw,mhw,lying_still,t005,5,quiet,train,True,True,True,True,csi_to_pose_mhw/csi/safe/posture/lying_still/mhw/mhw_lying_still_t005.csv,csi_to_pose_mhw/pose_gt_world/proxy_13/lying_still/mhw/mhw_lying_still_t005_proxy13.csv,csi_to_pose_mhw/pose_gt_world/full_33_landmarks/lying_still/mhw/mhw_lying_still_t005_full33.csv
mhw,mhw,lying_still,t006,6,quiet,val,True,True,True,True,csi_to_pose_mhw/csi/safe/posture/lying_still/mhw/mhw_lying_still_t006.csv,csi_to_pose_mhw/pose_gt_world/proxy_13/lying_still/mhw/mhw_lying_still_t006_proxy13.csv,csi_to_pose_mhw/pose_gt_world/full_33_landmarks/lying_still/mhw/mhw_lying_still_t006_full33.csv
mhw,mhw,lying_still,t007,7,quiet,test,True,True,True,True,csi_to_pose_mhw/csi/safe/posture/lying_still/mhw/mhw_lying_still_t007.csv,csi_to_pose_mhw/pose_gt_world/proxy_13/lying_still/mhw/mhw_lying_still_t007_proxy13.csv,csi_to_pose_mhw/pose_gt_world/full_33_landmarks/lying_still/mhw/mhw_lying_still_t007_full33.csv
mhw,mhw,lying_still,t008,8,aircon,train,True,True,True,True,csi_to_pose_mhw/csi/safe/posture/lying_still/mhw/mhw_lying_still_t008.csv,csi_to_pose_mhw/pose_gt_world/proxy_13/lying_still/mhw/mhw_lying_still_t008_proxy13.csv,csi_to_pose_mhw/pose_gt_world/full_33_landmarks/lying_still/mhw/mhw_lying_still_t008_full33.csv
mhw,mhw,lying_still,t009,9,aircon,train,True,True,True,True,csi_to_pose_mhw/csi/safe/posture/lying_still/mhw/mhw_lying_still_t009.csv,csi_to_pose_mhw/pose_gt_world/proxy_13/lying_still/mhw/mhw_lying_still_t009_proxy13.csv,csi_to_pose_mhw/pose_gt_world/full_33_landmarks/lying_still/mhw/mhw_lying_still_t009_full33.csv
mhw,mhw,lying_still,t010,10,aircon,train,True,True,True,True,csi_to_pose_mhw/csi/safe/posture/lying_still/mhw/mhw_lying_still_t010.csv,csi_to_pose_mhw/pose_gt_world/proxy_13/lying_still/mhw/mhw_lying_still_t010_proxy13.csv,csi_to_pose_mhw/pose_gt_world/full_33_landmarks/lying_still/mhw/mhw_lying_still_t010_full33.csv
mhw,mhw,lying_still,t011,11,aircon,train,True,True,True,True,csi_to_pose_mhw/csi/safe/posture/lying_still/mhw/mhw_lying_still_t011.csv,csi_to_pose_mhw/pose_gt_world/proxy_13/lying_still/mhw/mhw_lying_still_t011_proxy13.csv,csi_to_pose_mhw/pose_gt_world/full_33_landmarks/lying_still/mhw/mhw_lying_still_t011_full33.csv
mhw,mhw,lying_still,t012,12,aircon,val,True,True,True,True,csi_to_pose_mhw/csi/safe/posture/lying_still/mhw/mhw_lying_still_t012.csv,csi_to_pose_mhw/pose_gt_world/proxy_13/lying_still/mhw/mhw_lying_still_t012_proxy13.csv,csi_to_pose_mhw/pose_gt_world/full_33_landmarks/lying_still/mhw/mhw_lying_still_t012_full33.csv
mhw,mhw,lying_still,t013,13,aircon,test,True,True,True,True,csi_to_pose_mhw/csi/safe/posture/lying_still/mhw/mhw_lying_still_t013.csv,csi_to_pose_mhw/pose_gt_world/proxy_13/lying_still/mhw/mhw_lying_still_t013_proxy13.csv,csi_to_pose_mhw/pose_gt_world/full_33_landmarks/lying_still/mhw/mhw_lying_still_t013_full33.csv
mhw,mhw,lying_still,t014,14,tv,train,True,True,True,True,csi_to_pose_mhw/csi/safe/posture/lying_still/mhw/mhw_lying_still_t014.csv,csi_to_pose_mhw/pose_gt_world/proxy_13/lying_still/mhw/mhw_lying_still_t014_proxy13.csv,csi_to_pose_mhw/pose_gt_world/full_33_landmarks/lying_still/mhw/mhw_lying_still_t014_full33.csv
mhw,mhw,lying_still,t015,15,tv,train,True,True,True,True,csi_to_pose_mhw/csi/safe/posture/lying_still/mhw/mhw_lying_still_t015.csv,csi_to_pose_mhw/pose_gt_world/proxy_13/lying_still/mhw/mhw_lying_still_t015_proxy13.csv,csi_to_pose_mhw/pose_gt_world/full_33_landmarks/lying_still/mhw/mhw_lying_still_t015_full33.csv
mhw,mhw,lying_still,t016,16,tv,train,True,True,True,True,csi_to_pose_mhw/csi/safe/posture/lying_still/mhw/mhw_lying_still_t016.csv,csi_to_pose_mhw/pose_gt_world/proxy_13/lying_still/mhw/mhw_lying_still_t016_proxy13.csv,csi_to_pose_mhw/pose_gt_world/full_33_landmarks/lying_still/mhw/mhw_lying_still_t016_full33.csv
mhw,mhw,lying_still,t017,17,tv,train,True,True,True,True,csi_to_pose_mhw/csi/safe/posture/lying_still/mhw/mhw_lying_still_t017.csv,csi_to_pose_mhw/pose_gt_world/proxy_13/lying_still/mhw/mhw_lying_still_t017_proxy13.csv,csi_to_pose_mhw/pose_gt_world/full_33_landmarks/lying_still/mhw/mhw_lying_still_t017_full33.csv
mhw,mhw,lying_still,t018,18,tv,val,True,True,True,True,csi_to_pose_mhw/csi/safe/posture/lying_still/mhw/mhw_lying_still_t018.csv,csi_to_pose_mhw/pose_gt_world/proxy_13/lying_still/mhw/mhw_lying_still_t018_proxy13.csv,csi_to_pose_mhw/pose_gt_world/full_33_landmarks/lying_still/mhw/mhw_lying_still_t018_full33.csv
mhw,mhw,lying_still,t019,19,tv,test,True,True,True,True,csi_to_pose_mhw/csi/safe/posture/lying_still/mhw/mhw_lying_still_t019.csv,csi_to_pose_mhw/pose_gt_world/proxy_13/lying_still/mhw/mhw_lying_still_t019_proxy13.csv,csi_to_pose_mhw/pose_gt_world/full_33_landmarks/lying_still/mhw/mhw_lying_still_t019_full33.csv
mhw,mhw,lying_still,t020,20,music,train,True,True,True,True,csi_to_pose_mhw/csi/safe/posture/lying_still/mhw/mhw_lying_still_t020.csv,csi_to_pose_mhw/pose_gt_world/proxy_13/lying_still/mhw/mhw_lying_still_t020_proxy13.csv,csi_to_pose_mhw/pose_gt_world/full_33_landmarks/lying_still/mhw/mhw_lying_still_t020_full33.csv
mhw,mhw,lying_still,t021,21,music,train,True,True,True,True,csi_to_pose_mhw/csi/safe/posture/lying_still/mhw/mhw_lying_still_t021.csv,csi_to_pose_mhw/pose_gt_world/proxy_13/lying_still/mhw/mhw_lying_still_t021_proxy13.csv,csi_to_pose_mhw/pose_gt_world/full_33_landmarks/lying_still/mhw/mhw_lying_still_t021_full33.csv
mhw,mhw,lying_still,t022,22,music,train,True,True,True,True,csi_to_pose_mhw/csi/safe/posture/lying_still/mhw/mhw_lying_still_t022.csv,csi_to_pose_mhw/pose_gt_world/proxy_13/lying_still/mhw/mhw_lying_still_t022_proxy13.csv,csi_to_pose_mhw/pose_gt_world/full_33_landmarks/lying_still/mhw/mhw_lying_still_t022_full33.csv
mhw,mhw,lying_still,t023,23,music,train,True,True,True,True,csi_to_pose_mhw/csi/safe/posture/lying_still/mhw/mhw_lying_still_t023.csv,csi_to_pose_mhw/pose_gt_world/proxy_13/lying_still/mhw/mhw_lying_still_t023_proxy13.csv,csi_to_pose_mhw/pose_gt_world/full_33_landmarks/lying_still/mhw/mhw_lying_still_t023_full33.csv
mhw,mhw,lying_still,t024,24,music,val,True,True,True,True,csi_to_pose_mhw/csi/safe/posture/lying_still/mhw/mhw_lying_still_t024.csv,csi_to_pose_mhw/pose_gt_world/proxy_13/lying_still/mhw/mhw_lying_still_t024_proxy13.csv,csi_to_pose_mhw/pose_gt_world/full_33_landmarks/lying_still/mhw/mhw_lying_still_t024_full33.csv
mhw,mhw,lying_still,t025,25,music,test,True,True,True,True,csi_to_pose_mhw/csi/safe/posture/lying_still/mhw/mhw_lying_still_t025.csv,csi_to_pose_mhw/pose_gt_world/proxy_13/lying_still/mhw/mhw_lying_still_t025_proxy13.csv,csi_to_pose_mhw/pose_gt_world/full_33_landmarks/lying_still/mhw/mhw_lying_still_t025_full33.csv
mhw,mhw,walking,t001,1,quiet,train,True,True,True,True,csi_to_pose_mhw/csi/safe/motion/walking/mhw/mhw_walking_t001.csv,csi_to_pose_mhw/pose_gt_world/proxy_13/walking/mhw/mhw_walking_t001_proxy13.csv,csi_to_pose_mhw/pose_gt_world/full_33_landmarks/walking/mhw/mhw_walking_t001_full33.csv
mhw,mhw,walking,t002,2,quiet,train,True,True,True,True,csi_to_pose_mhw/csi/safe/motion/walking/mhw/mhw_walking_t002.csv,csi_to_pose_mhw/pose_gt_world/proxy_13/walking/mhw/mhw_walking_t002_proxy13.csv,csi_to_pose_mhw/pose_gt_world/full_33_landmarks/walking/mhw/mhw_walking_t002_full33.csv
mhw,mhw,walking,t003,3,quiet,train,True,True,True,True,csi_to_pose_mhw/csi/safe/motion/walking/mhw/mhw_walking_t003.csv,csi_to_pose_mhw/pose_gt_world/proxy_13/walking/mhw/mhw_walking_t003_proxy13.csv,csi_to_pose_mhw/pose_gt_world/full_33_landmarks/walking/mhw/mhw_walking_t003_full33.csv
mhw,mhw,walking,t004,4,quiet,train,True,True,True,True,csi_to_pose_mhw/csi/safe/motion/walking/mhw/mhw_walking_t004.csv,csi_to_pose_mhw/pose_gt_world/proxy_13/walking/mhw/mhw_walking_t004_proxy13.csv,csi_to_pose_mhw/pose_gt_world/full_33_landmarks/walking/mhw/mhw_walking_t004_full33.csv
mhw,mhw,walking,t005,5,quiet,train,True,True,True,True,csi_to_pose_mhw/csi/safe/motion/walking/mhw/mhw_walking_t005.csv,csi_to_pose_mhw/pose_gt_world/proxy_13/walking/mhw/mhw_walking_t005_proxy13.csv,csi_to_pose_mhw/pose_gt_world/full_33_landmarks/walking/mhw/mhw_walking_t005_full33.csv
mhw,mhw,walking,t006,6,quiet,val,True,True,True,True,csi_to_pose_mhw/csi/safe/motion/walking/mhw/mhw_walking_t006.csv,csi_to_pose_mhw/pose_gt_world/proxy_13/walking/mhw/mhw_walking_t006_proxy13.csv,csi_to_pose_mhw/pose_gt_world/full_33_landmarks/walking/mhw/mhw_walking_t006_full33.csv
mhw,mhw,walking,t007,7,quiet,test,True,True,True,True,csi_to_pose_mhw/csi/safe/motion/walking/mhw/mhw_walking_t007.csv,csi_to_pose_mhw/pose_gt_world/proxy_13/walking/mhw/mhw_walking_t007_proxy13.csv,csi_to_pose_mhw/pose_gt_world/full_33_landmarks/walking/mhw/mhw_walking_t007_full33.csv
mhw,mhw,walking,t008,8,aircon,train,True,True,True,True,csi_to_pose_mhw/csi/safe/motion/walking/mhw/mhw_walking_t008.csv,csi_to_pose_mhw/pose_gt_world/proxy_13/walking/mhw/mhw_walking_t008_proxy13.csv,csi_to_pose_mhw/pose_gt_world/full_33_landmarks/walking/mhw/mhw_walking_t008_full33.csv
mhw,mhw,walking,t009,9,aircon,train,True,True,True,True,csi_to_pose_mhw/csi/safe/motion/walking/mhw/mhw_walking_t009.csv,csi_to_pose_mhw/pose_gt_world/proxy_13/walking/mhw/mhw_walking_t009_proxy13.csv,csi_to_pose_mhw/pose_gt_world/full_33_landmarks/walking/mhw/mhw_walking_t009_full33.csv
mhw,mhw,walking,t010,10,aircon,train,True,True,True,True,csi_to_pose_mhw/csi/safe/motion/walking/mhw/mhw_walking_t010.csv,csi_to_pose_mhw/pose_gt_world/proxy_13/walking/mhw/mhw_walking_t010_proxy13.csv,csi_to_pose_mhw/pose_gt_world/full_33_landmarks/walking/mhw/mhw_walking_t010_full33.csv
mhw,mhw,walking,t011,11,aircon,train,True,True,True,True,csi_to_pose_mhw/csi/safe/motion/walking/mhw/mhw_walking_t011.csv,csi_to_pose_mhw/pose_gt_world/proxy_13/walking/mhw/mhw_walking_t011_proxy13.csv,csi_to_pose_mhw/pose_gt_world/full_33_landmarks/walking/mhw/mhw_walking_t011_full33.csv
mhw,mhw,walking,t012,12,aircon,val,True,True,True,True,csi_to_pose_mhw/csi/safe/motion/walking/mhw/mhw_walking_t012.csv,csi_to_pose_mhw/pose_gt_world/proxy_13/walking/mhw/mhw_walking_t012_proxy13.csv,csi_to_pose_mhw/pose_gt_world/full_33_landmarks/walking/mhw/mhw_walking_t012_full33.csv
mhw,mhw,walking,t013,13,aircon,test,True,True,True,True,csi_to_pose_mhw/csi/safe/motion/walking/mhw/mhw_walking_t013.csv,csi_to_pose_mhw/pose_gt_world/proxy_13/walking/mhw/mhw_walking_t013_proxy13.csv,csi_to_pose_mhw/pose_gt_world/full_33_landmarks/walking/mhw/mhw_walking_t013_full33.csv
mhw,mhw,walking,t014,14,tv,train,True,True,True,True,csi_to_pose_mhw/csi/safe/motion/walking/mhw/mhw_walking_t014.csv,csi_to_pose_mhw/pose_gt_world/proxy_13/walking/mhw/mhw_walking_t014_proxy13.csv,csi_to_pose_mhw/pose_gt_world/full_33_landmarks/walking/mhw/mhw_walking_t014_full33.csv
mhw,mhw,walking,t015,15,tv,train,True,True,True,True,csi_to_pose_mhw/csi/safe/motion/walking/mhw/mhw_walking_t015.csv,csi_to_pose_mhw/pose_gt_world/proxy_13/walking/mhw/mhw_walking_t015_proxy13.csv,csi_to_pose_mhw/pose_gt_world/full_33_landmarks/walking/mhw/mhw_walking_t015_full33.csv
mhw,mhw,walking,t016,16,tv,train,True,True,True,True,csi_to_pose_mhw/csi/safe/motion/walking/mhw/mhw_walking_t016.csv,csi_to_pose_mhw/pose_gt_world/proxy_13/walking/mhw/mhw_walking_t016_proxy13.csv,csi_to_pose_mhw/pose_gt_world/full_33_landmarks/walking/mhw/mhw_walking_t016_full33.csv
mhw,mhw,walking,t017,17,tv,train,True,True,True,True,csi_to_pose_mhw/csi/safe/motion/walking/mhw/mhw_walking_t017.csv,csi_to_pose_mhw/pose_gt_world/proxy_13/walking/mhw/mhw_walking_t017_proxy13.csv,csi_to_pose_mhw/pose_gt_world/full_33_landmarks/walking/mhw/mhw_walking_t017_full33.csv
mhw,mhw,walking,t018,18,tv,val,True,True,True,True,csi_to_pose_mhw/csi/safe/motion/walking/mhw/mhw_walking_t018.csv,csi_to_pose_mhw/pose_gt_world/proxy_13/walking/mhw/mhw_walking_t018_proxy13.csv,csi_to_pose_mhw/pose_gt_world/full_33_landmarks/walking/mhw/mhw_walking_t018_full33.csv
mhw,mhw,walking,t019,19,tv,test,True,True,True,True,csi_to_pose_mhw/csi/safe/motion/walking/mhw/mhw_walking_t019.csv,csi_to_pose_mhw/pose_gt_world/proxy_13/walking/mhw/mhw_walking_t019_proxy13.csv,csi_to_pose_mhw/pose_gt_world/full_33_landmarks/walking/mhw/mhw_walking_t019_full33.csv
mhw,mhw,walking,t020,20,music,train,True,True,True,True,csi_to_pose_mhw/csi/safe/motion/walking/mhw/mhw_walking_t020.csv,csi_to_pose_mhw/pose_gt_world/proxy_13/walking/mhw/mhw_walking_t020_proxy13.csv,csi_to_pose_mhw/pose_gt_world/full_33_landmarks/walking/mhw/mhw_walking_t020_full33.csv
mhw,mhw,walking,t021,21,music,train,True,True,True,True,csi_to_pose_mhw/csi/safe/motion/walking/mhw/mhw_walking_t021.csv,csi_to_pose_mhw/pose_gt_world/proxy_13/walking/mhw/mhw_walking_t021_proxy13.csv,csi_to_pose_mhw/pose_gt_world/full_33_landmarks/walking/mhw/mhw_walking_t021_full33.csv
mhw,mhw,walking,t022,22,music,train,True,True,True,True,csi_to_pose_mhw/csi/safe/motion/walking/mhw/mhw_walking_t022.csv,csi_to_pose_mhw/pose_gt_world/proxy_13/walking/mhw/mhw_walking_t022_proxy13.csv,csi_to_pose_mhw/pose_gt_world/full_33_landmarks/walking/mhw/mhw_walking_t022_full33.csv
mhw,mhw,walking,t023,23,music,train,True,True,True,True,csi_to_pose_mhw/csi/safe/motion/walking/mhw/mhw_walking_t023.csv,csi_to_pose_mhw/pose_gt_world/proxy_13/walking/mhw/mhw_walking_t023_proxy13.csv,csi_to_pose_mhw/pose_gt_world/full_33_landmarks/walking/mhw/mhw_walking_t023_full33.csv
mhw,mhw,walking,t024,24,music,val,True,True,True,True,csi_to_pose_mhw/csi/safe/motion/walking/mhw/mhw_walking_t024.csv,csi_to_pose_mhw/pose_gt_world/proxy_13/walking/mhw/mhw_walking_t024_proxy13.csv,csi_to_pose_mhw/pose_gt_world/full_33_landmarks/walking/mhw/mhw_walking_t024_full33.csv
mhw,mhw,walking,t025,25,music,test,True,True,True,True,csi_to_pose_mhw/csi/safe/motion/walking/mhw/mhw_walking_t025.csv,csi_to_pose_mhw/pose_gt_world/proxy_13/walking/mhw/mhw_walking_t025_proxy13.csv,csi_to_pose_mhw/pose_gt_world/full_33_landmarks/walking/mhw/mhw_walking_t025_full33.csv
mhw,mhw,sit_to_stand,t001,1,quiet,train,True,True,True,True,csi_to_pose_mhw/csi/safe/transition/sit_to_stand/mhw/mhw_sit_to_stand_t001.csv,csi_to_pose_mhw/pose_gt_world/proxy_13/sit_to_stand/mhw/mhw_sit_to_stand_t001_proxy13.csv,csi_to_pose_mhw/pose_gt_world/full_33_landmarks/sit_to_stand/mhw/mhw_sit_to_stand_t001_full33.csv
mhw,mhw,sit_to_stand,t002,2,quiet,train,True,True,True,True,csi_to_pose_mhw/csi/safe/transition/sit_to_stand/mhw/mhw_sit_to_stand_t002.csv,csi_to_pose_mhw/pose_gt_world/proxy_13/sit_to_stand/mhw/mhw_sit_to_stand_t002_proxy13.csv,csi_to_pose_mhw/pose_gt_world/full_33_landmarks/sit_to_stand/mhw/mhw_sit_to_stand_t002_full33.csv
mhw,mhw,sit_to_stand,t003,3,quiet,train,True,True,True,True,csi_to_pose_mhw/csi/safe/transition/sit_to_stand/mhw/mhw_sit_to_stand_t003.csv,csi_to_pose_mhw/pose_gt_world/proxy_13/sit_to_stand/mhw/mhw_sit_to_stand_t003_proxy13.csv,csi_to_pose_mhw/pose_gt_world/full_33_landmarks/sit_to_stand/mhw/mhw_sit_to_stand_t003_full33.csv
mhw,mhw,sit_to_stand,t004,4,quiet,train,True,True,True,True,csi_to_pose_mhw/csi/safe/transition/sit_to_stand/mhw/mhw_sit_to_stand_t004.csv,csi_to_pose_mhw/pose_gt_world/proxy_13/sit_to_stand/mhw/mhw_sit_to_stand_t004_proxy13.csv,csi_to_pose_mhw/pose_gt_world/full_33_landmarks/sit_to_stand/mhw/mhw_sit_to_stand_t004_full33.csv
mhw,mhw,sit_to_stand,t005,5,quiet,train,True,True,True,True,csi_to_pose_mhw/csi/safe/transition/sit_to_stand/mhw/mhw_sit_to_stand_t005.csv,csi_to_pose_mhw/pose_gt_world/proxy_13/sit_to_stand/mhw/mhw_sit_to_stand_t005_proxy13.csv,csi_to_pose_mhw/pose_gt_world/full_33_landmarks/sit_to_stand/mhw/mhw_sit_to_stand_t005_full33.csv
mhw,mhw,sit_to_stand,t006,6,quiet,val,True,True,True,True,csi_to_pose_mhw/csi/safe/transition/sit_to_stand/mhw/mhw_sit_to_stand_t006.csv,csi_to_pose_mhw/pose_gt_world/proxy_13/sit_to_stand/mhw/mhw_sit_to_stand_t006_proxy13.csv,csi_to_pose_mhw/pose_gt_world/full_33_landmarks/sit_to_stand/mhw/mhw_sit_to_stand_t006_full33.csv
mhw,mhw,sit_to_stand,t007,7,quiet,test,True,True,True,True,csi_to_pose_mhw/csi/safe/transition/sit_to_stand/mhw/mhw_sit_to_stand_t007.csv,csi_to_pose_mhw/pose_gt_world/proxy_13/sit_to_stand/mhw/mhw_sit_to_stand_t007_proxy13.csv,csi_to_pose_mhw/pose_gt_world/full_33_landmarks/sit_to_stand/mhw/mhw_sit_to_stand_t007_full33.csv
mhw,mhw,sit_to_stand,t008,8,aircon,train,True,True,True,True,csi_to_pose_mhw/csi/safe/transition/sit_to_stand/mhw/mhw_sit_to_stand_t008.csv,csi_to_pose_mhw/pose_gt_world/proxy_13/sit_to_stand/mhw/mhw_sit_to_stand_t008_proxy13.csv,csi_to_pose_mhw/pose_gt_world/full_33_landmarks/sit_to_stand/mhw/mhw_sit_to_stand_t008_full33.csv
mhw,mhw,sit_to_stand,t009,9,aircon,train,True,True,True,True,csi_to_pose_mhw/csi/safe/transition/sit_to_stand/mhw/mhw_sit_to_stand_t009.csv,csi_to_pose_mhw/pose_gt_world/proxy_13/sit_to_stand/mhw/mhw_sit_to_stand_t009_proxy13.csv,csi_to_pose_mhw/pose_gt_world/full_33_landmarks/sit_to_stand/mhw/mhw_sit_to_stand_t009_full33.csv
mhw,mhw,sit_to_stand,t010,10,aircon,train,True,True,True,True,csi_to_pose_mhw/csi/safe/transition/sit_to_stand/mhw/mhw_sit_to_stand_t010.csv,csi_to_pose_mhw/pose_gt_world/proxy_13/sit_to_stand/mhw/mhw_sit_to_stand_t010_proxy13.csv,csi_to_pose_mhw/pose_gt_world/full_33_landmarks/sit_to_stand/mhw/mhw_sit_to_stand_t010_full33.csv
mhw,mhw,sit_to_stand,t011,11,aircon,train,True,True,True,True,csi_to_pose_mhw/csi/safe/transition/sit_to_stand/mhw/mhw_sit_to_stand_t011.csv,csi_to_pose_mhw/pose_gt_world/proxy_13/sit_to_stand/mhw/mhw_sit_to_stand_t011_proxy13.csv,csi_to_pose_mhw/pose_gt_world/full_33_landmarks/sit_to_stand/mhw/mhw_sit_to_stand_t011_full33.csv
mhw,mhw,sit_to_stand,t012,12,aircon,val,True,True,True,True,csi_to_pose_mhw/csi/safe/transition/sit_to_stand/mhw/mhw_sit_to_stand_t012.csv,csi_to_pose_mhw/pose_gt_world/proxy_13/sit_to_stand/mhw/mhw_sit_to_stand_t012_proxy13.csv,csi_to_pose_mhw/pose_gt_world/full_33_landmarks/sit_to_stand/mhw/mhw_sit_to_stand_t012_full33.csv
mhw,mhw,sit_to_stand,t013,13,aircon,test,True,True,True,True,csi_to_pose_mhw/csi/safe/transition/sit_to_stand/mhw/mhw_sit_to_stand_t013.csv,csi_to_pose_mhw/pose_gt_world/proxy_13/sit_to_stand/mhw/mhw_sit_to_stand_t013_proxy13.csv,csi_to_pose_mhw/pose_gt_world/full_33_landmarks/sit_to_stand/mhw/mhw_sit_to_stand_t013_full33.csv
mhw,mhw,sit_to_stand,t014,14,tv,train,True,True,True,True,csi_to_pose_mhw/csi/safe/transition/sit_to_stand/mhw/mhw_sit_to_stand_t014.csv,csi_to_pose_mhw/pose_gt_world/proxy_13/sit_to_stand/mhw/mhw_sit_to_stand_t014_proxy13.csv,csi_to_pose_mhw/pose_gt_world/full_33_landmarks/sit_to_stand/mhw/mhw_sit_to_stand_t014_full33.csv
mhw,mhw,sit_to_stand,t015,15,tv,train,True,True,True,True,csi_to_pose_mhw/csi/safe/transition/sit_to_stand/mhw/mhw_sit_to_stand_t015.csv,csi_to_pose_mhw/pose_gt_world/proxy_13/sit_to_stand/mhw/mhw_sit_to_stand_t015_proxy13.csv,csi_to_pose_mhw/pose_gt_world/full_33_landmarks/sit_to_stand/mhw/mhw_sit_to_stand_t015_full33.csv
mhw,mhw,sit_to_stand,t016,16,tv,train,True,True,True,True,csi_to_pose_mhw/csi/safe/transition/sit_to_stand/mhw/mhw_sit_to_stand_t016.csv,csi_to_pose_mhw/pose_gt_world/proxy_13/sit_to_stand/mhw/mhw_sit_to_stand_t016_proxy13.csv,csi_to_pose_mhw/pose_gt_world/full_33_landmarks/sit_to_stand/mhw/mhw_sit_to_stand_t016_full33.csv
mhw,mhw,sit_to_stand,t017,17,tv,train,True,True,True,True,csi_to_pose_mhw/csi/safe/transition/sit_to_stand/mhw/mhw_sit_to_stand_t017.csv,csi_to_pose_mhw/pose_gt_world/proxy_13/sit_to_stand/mhw/mhw_sit_to_stand_t017_proxy13.csv,csi_to_pose_mhw/pose_gt_world/full_33_landmarks/sit_to_stand/mhw/mhw_sit_to_stand_t017_full33.csv
mhw,mhw,sit_to_stand,t018,18,tv,val,True,True,True,True,csi_to_pose_mhw/csi/safe/transition/sit_to_stand/mhw/mhw_sit_to_stand_t018.csv,csi_to_pose_mhw/pose_gt_world/proxy_13/sit_to_stand/mhw/mhw_sit_to_stand_t018_proxy13.csv,csi_to_pose_mhw/pose_gt_world/full_33_landmarks/sit_to_stand/mhw/mhw_sit_to_stand_t018_full33.csv
mhw,mhw,sit_to_stand,t019,19,tv,test,True,True,True,True,csi_to_pose_mhw/csi/safe/transition/sit_to_stand/mhw/mhw_sit_to_stand_t019.csv,csi_to_pose_mhw/pose_gt_world/proxy_13/sit_to_stand/mhw/mhw_sit_to_stand_t019_proxy13.csv,csi_to_pose_mhw/pose_gt_world/full_33_landmarks/sit_to_stand/mhw/mhw_sit_to_stand_t019_full33.csv
mhw,mhw,sit_to_stand,t020,20,music,train,True,True,True,True,csi_to_pose_mhw/csi/safe/transition/sit_to_stand/mhw/mhw_sit_to_stand_t020.csv,csi_to_pose_mhw/pose_gt_world/proxy_13/sit_to_stand/mhw/mhw_sit_to_stand_t020_proxy13.csv,csi_to_pose_mhw/pose_gt_world/full_33_landmarks/sit_to_stand/mhw/mhw_sit_to_stand_t020_full33.csv
mhw,mhw,sit_to_stand,t021,21,music,train,True,True,True,True,csi_to_pose_mhw/csi/safe/transition/sit_to_stand/mhw/mhw_sit_to_stand_t021.csv,csi_to_pose_mhw/pose_gt_world/proxy_13/sit_to_stand/mhw/mhw_sit_to_stand_t021_proxy13.csv,csi_to_pose_mhw/pose_gt_world/full_33_landmarks/sit_to_stand/mhw/mhw_sit_to_stand_t021_full33.csv
mhw,mhw,sit_to_stand,t022,22,music,train,True,True,True,True,csi_to_pose_mhw/csi/safe/transition/sit_to_stand/mhw/mhw_sit_to_stand_t022.csv,csi_to_pose_mhw/pose_gt_world/proxy_13/sit_to_stand/mhw/mhw_sit_to_stand_t022_proxy13.csv,csi_to_pose_mhw/pose_gt_world/full_33_landmarks/sit_to_stand/mhw/mhw_sit_to_stand_t022_full33.csv
mhw,mhw,sit_to_stand,t023,23,music,train,True,True,True,True,csi_to_pose_mhw/csi/safe/transition/sit_to_stand/mhw/mhw_sit_to_stand_t023.csv,csi_to_pose_mhw/pose_gt_world/proxy_13/sit_to_stand/mhw/mhw_sit_to_stand_t023_proxy13.csv,csi_to_pose_mhw/pose_gt_world/full_33_landmarks/sit_to_stand/mhw/mhw_sit_to_stand_t023_full33.csv
mhw,mhw,sit_to_stand,t024,24,music,val,True,True,True,True,csi_to_pose_mhw/csi/safe/transition/sit_to_stand/mhw/mhw_sit_to_stand_t024.csv,csi_to_pose_mhw/pose_gt_world/proxy_13/sit_to_stand/mhw/mhw_sit_to_stand_t024_proxy13.csv,csi_to_pose_mhw/pose_gt_world/full_33_landmarks/sit_to_stand/mhw/mhw_sit_to_stand_t024_full33.csv
mhw,mhw,sit_to_stand,t025,25,music,test,True,True,True,True,csi_to_pose_mhw/csi/safe/transition/sit_to_stand/mhw/mhw_sit_to_stand_t025.csv,csi_to_pose_mhw/pose_gt_world/proxy_13/sit_to_stand/mhw/mhw_sit_to_stand_t025_proxy13.csv,csi_to_pose_mhw/pose_gt_world/full_33_landmarks/sit_to_stand/mhw/mhw_sit_to_stand_t025_full33.csv
mhw,mhw,stand_to_sit,t001,1,quiet,train,True,True,True,True,csi_to_pose_mhw/csi/safe/transition/stand_to_sit/mhw/mhw_stand_to_sit_t001.csv,csi_to_pose_mhw/pose_gt_world/proxy_13/stand_to_sit/mhw/mhw_stand_to_sit_t001_proxy13.csv,csi_to_pose_mhw/pose_gt_world/full_33_landmarks/stand_to_sit/mhw/mhw_stand_to_sit_t001_full33.csv
mhw,mhw,stand_to_sit,t002,2,quiet,train,True,True,True,True,csi_to_pose_mhw/csi/safe/transition/stand_to_sit/mhw/mhw_stand_to_sit_t002.csv,csi_to_pose_mhw/pose_gt_world/proxy_13/stand_to_sit/mhw/mhw_stand_to_sit_t002_proxy13.csv,csi_to_pose_mhw/pose_gt_world/full_33_landmarks/stand_to_sit/mhw/mhw_stand_to_sit_t002_full33.csv
mhw,mhw,stand_to_sit,t003,3,quiet,train,True,True,True,True,csi_to_pose_mhw/csi/safe/transition/stand_to_sit/mhw/mhw_stand_to_sit_t003.csv,csi_to_pose_mhw/pose_gt_world/proxy_13/stand_to_sit/mhw/mhw_stand_to_sit_t003_proxy13.csv,csi_to_pose_mhw/pose_gt_world/full_33_landmarks/stand_to_sit/mhw/mhw_stand_to_sit_t003_full33.csv
mhw,mhw,stand_to_sit,t004,4,quiet,train,True,True,True,True,csi_to_pose_mhw/csi/safe/transition/stand_to_sit/mhw/mhw_stand_to_sit_t004.csv,csi_to_pose_mhw/pose_gt_world/proxy_13/stand_to_sit/mhw/mhw_stand_to_sit_t004_proxy13.csv,csi_to_pose_mhw/pose_gt_world/full_33_landmarks/stand_to_sit/mhw/mhw_stand_to_sit_t004_full33.csv
mhw,mhw,stand_to_sit,t005,5,quiet,train,True,True,True,True,csi_to_pose_mhw/csi/safe/transition/stand_to_sit/mhw/mhw_stand_to_sit_t005.csv,csi_to_pose_mhw/pose_gt_world/proxy_13/stand_to_sit/mhw/mhw_stand_to_sit_t005_proxy13.csv,csi_to_pose_mhw/pose_gt_world/full_33_landmarks/stand_to_sit/mhw/mhw_stand_to_sit_t005_full33.csv
mhw,mhw,stand_to_sit,t006,6,quiet,val,True,True,True,True,csi_to_pose_mhw/csi/safe/transition/stand_to_sit/mhw/mhw_stand_to_sit_t006.csv,csi_to_pose_mhw/pose_gt_world/proxy_13/stand_to_sit/mhw/mhw_stand_to_sit_t006_proxy13.csv,csi_to_pose_mhw/pose_gt_world/full_33_landmarks/stand_to_sit/mhw/mhw_stand_to_sit_t006_full33.csv
mhw,mhw,stand_to_sit,t007,7,quiet,test,True,True,True,True,csi_to_pose_mhw/csi/safe/transition/stand_to_sit/mhw/mhw_stand_to_sit_t007.csv,csi_to_pose_mhw/pose_gt_world/proxy_13/stand_to_sit/mhw/mhw_stand_to_sit_t007_proxy13.csv,csi_to_pose_mhw/pose_gt_world/full_33_landmarks/stand_to_sit/mhw/mhw_stand_to_sit_t007_full33.csv
mhw,mhw,stand_to_sit,t008,8,aircon,train,True,True,True,True,csi_to_pose_mhw/csi/safe/transition/stand_to_sit/mhw/mhw_stand_to_sit_t008.csv,csi_to_pose_mhw/pose_gt_world/proxy_13/stand_to_sit/mhw/mhw_stand_to_sit_t008_proxy13.csv,csi_to_pose_mhw/pose_gt_world/full_33_landmarks/stand_to_sit/mhw/mhw_stand_to_sit_t008_full33.csv
mhw,mhw,stand_to_sit,t009,9,aircon,train,True,True,True,True,csi_to_pose_mhw/csi/safe/transition/stand_to_sit/mhw/mhw_stand_to_sit_t009.csv,csi_to_pose_mhw/pose_gt_world/proxy_13/stand_to_sit/mhw/mhw_stand_to_sit_t009_proxy13.csv,csi_to_pose_mhw/pose_gt_world/full_33_landmarks/stand_to_sit/mhw/mhw_stand_to_sit_t009_full33.csv
mhw,mhw,stand_to_sit,t010,10,aircon,train,True,True,True,True,csi_to_pose_mhw/csi/safe/transition/stand_to_sit/mhw/mhw_stand_to_sit_t010.csv,csi_to_pose_mhw/pose_gt_world/proxy_13/stand_to_sit/mhw/mhw_stand_to_sit_t010_proxy13.csv,csi_to_pose_mhw/pose_gt_world/full_33_landmarks/stand_to_sit/mhw/mhw_stand_to_sit_t010_full33.csv
mhw,mhw,stand_to_sit,t011,11,aircon,train,True,True,True,True,csi_to_pose_mhw/csi/safe/transition/stand_to_sit/mhw/mhw_stand_to_sit_t011.csv,csi_to_pose_mhw/pose_gt_world/proxy_13/stand_to_sit/mhw/mhw_stand_to_sit_t011_proxy13.csv,csi_to_pose_mhw/pose_gt_world/full_33_landmarks/stand_to_sit/mhw/mhw_stand_to_sit_t011_full33.csv
mhw,mhw,stand_to_sit,t012,12,aircon,val,True,True,True,True,csi_to_pose_mhw/csi/safe/transition/stand_to_sit/mhw/mhw_stand_to_sit_t012.csv,csi_to_pose_mhw/pose_gt_world/proxy_13/stand_to_sit/mhw/mhw_stand_to_sit_t012_proxy13.csv,csi_to_pose_mhw/pose_gt_world/full_33_landmarks/stand_to_sit/mhw/mhw_stand_to_sit_t012_full33.csv
mhw,mhw,stand_to_sit,t013,13,aircon,test,True,True,True,True,csi_to_pose_mhw/csi/safe/transition/stand_to_sit/mhw/mhw_stand_to_sit_t013.csv,csi_to_pose_mhw/pose_gt_world/proxy_13/stand_to_sit/mhw/mhw_stand_to_sit_t013_proxy13.csv,csi_to_pose_mhw/pose_gt_world/full_33_landmarks/stand_to_sit/mhw/mhw_stand_to_sit_t013_full33.csv
mhw,mhw,stand_to_sit,t014,14,tv,train,True,True,True,True,csi_to_pose_mhw/csi/safe/transition/stand_to_sit/mhw/mhw_stand_to_sit_t014.csv,csi_to_pose_mhw/pose_gt_world/proxy_13/stand_to_sit/mhw/mhw_stand_to_sit_t014_proxy13.csv,csi_to_pose_mhw/pose_gt_world/full_33_landmarks/stand_to_sit/mhw/mhw_stand_to_sit_t014_full33.csv
mhw,mhw,stand_to_sit,t015,15,tv,train,True,True,True,True,csi_to_pose_mhw/csi/safe/transition/stand_to_sit/mhw/mhw_stand_to_sit_t015.csv,csi_to_pose_mhw/pose_gt_world/proxy_13/stand_to_sit/mhw/mhw_stand_to_sit_t015_proxy13.csv,csi_to_pose_mhw/pose_gt_world/full_33_landmarks/stand_to_sit/mhw/mhw_stand_to_sit_t015_full33.csv
mhw,mhw,stand_to_sit,t016,16,tv,train,True,True,True,True,csi_to_pose_mhw/csi/safe/transition/stand_to_sit/mhw/mhw_stand_to_sit_t016.csv,csi_to_pose_mhw/pose_gt_world/proxy_13/stand_to_sit/mhw/mhw_stand_to_sit_t016_proxy13.csv,csi_to_pose_mhw/pose_gt_world/full_33_landmarks/stand_to_sit/mhw/mhw_stand_to_sit_t016_full33.csv
mhw,mhw,stand_to_sit,t017,17,tv,train,True,True,True,True,csi_to_pose_mhw/csi/safe/transition/stand_to_sit/mhw/mhw_stand_to_sit_t017.csv,csi_to_pose_mhw/pose_gt_world/proxy_13/stand_to_sit/mhw/mhw_stand_to_sit_t017_proxy13.csv,csi_to_pose_mhw/pose_gt_world/full_33_landmarks/stand_to_sit/mhw/mhw_stand_to_sit_t017_full33.csv
mhw,mhw,stand_to_sit,t018,18,tv,val,True,True,True,True,csi_to_pose_mhw/csi/safe/transition/stand_to_sit/mhw/mhw_stand_to_sit_t018.csv,csi_to_pose_mhw/pose_gt_world/proxy_13/stand_to_sit/mhw/mhw_stand_to_sit_t018_proxy13.csv,csi_to_pose_mhw/pose_gt_world/full_33_landmarks/stand_to_sit/mhw/mhw_stand_to_sit_t018_full33.csv
mhw,mhw,stand_to_sit,t019,19,tv,test,True,True,True,True,csi_to_pose_mhw/csi/safe/transition/stand_to_sit/mhw/mhw_stand_to_sit_t019.csv,csi_to_pose_mhw/pose_gt_world/proxy_13/stand_to_sit/mhw/mhw_stand_to_sit_t019_proxy13.csv,csi_to_pose_mhw/pose_gt_world/full_33_landmarks/stand_to_sit/mhw/mhw_stand_to_sit_t019_full33.csv
mhw,mhw,stand_to_sit,t020,20,music,train,True,True,True,True,csi_to_pose_mhw/csi/safe/transition/stand_to_sit/mhw/mhw_stand_to_sit_t020.csv,csi_to_pose_mhw/pose_gt_world/proxy_13/stand_to_sit/mhw/mhw_stand_to_sit_t020_proxy13.csv,csi_to_pose_mhw/pose_gt_world/full_33_landmarks/stand_to_sit/mhw/mhw_stand_to_sit_t020_full33.csv
mhw,mhw,stand_to_sit,t021,21,music,train,True,True,True,True,csi_to_pose_mhw/csi/safe/transition/stand_to_sit/mhw/mhw_stand_to_sit_t021.csv,csi_to_pose_mhw/pose_gt_world/proxy_13/stand_to_sit/mhw/mhw_stand_to_sit_t021_proxy13.csv,csi_to_pose_mhw/pose_gt_world/full_33_landmarks/stand_to_sit/mhw/mhw_stand_to_sit_t021_full33.csv
mhw,mhw,stand_to_sit,t022,22,music,train,True,True,True,True,csi_to_pose_mhw/csi/safe/transition/stand_to_sit/mhw/mhw_stand_to_sit_t022.csv,csi_to_pose_mhw/pose_gt_world/proxy_13/stand_to_sit/mhw/mhw_stand_to_sit_t022_proxy13.csv,csi_to_pose_mhw/pose_gt_world/full_33_landmarks/stand_to_sit/mhw/mhw_stand_to_sit_t022_full33.csv
mhw,mhw,stand_to_sit,t023,23,music,train,True,True,True,True,csi_to_pose_mhw/csi/safe/transition/stand_to_sit/mhw/mhw_stand_to_sit_t023.csv,csi_to_pose_mhw/pose_gt_world/proxy_13/stand_to_sit/mhw/mhw_stand_to_sit_t023_proxy13.csv,csi_to_pose_mhw/pose_gt_world/full_33_landmarks/stand_to_sit/mhw/mhw_stand_to_sit_t023_full33.csv
mhw,mhw,stand_to_sit,t024,24,music,val,True,True,True,True,csi_to_pose_mhw/csi/safe/transition/stand_to_sit/mhw/mhw_stand_to_sit_t024.csv,csi_to_pose_mhw/pose_gt_world/proxy_13/stand_to_sit/mhw/mhw_stand_to_sit_t024_proxy13.csv,csi_to_pose_mhw/pose_gt_world/full_33_landmarks/stand_to_sit/mhw/mhw_stand_to_sit_t024_full33.csv
mhw,mhw,stand_to_sit,t025,25,music,test,True,True,True,True,csi_to_pose_mhw/csi/safe/transition/stand_to_sit/mhw/mhw_stand_to_sit_t025.csv,csi_to_pose_mhw/pose_gt_world/proxy_13/stand_to_sit/mhw/mhw_stand_to_sit_t025_proxy13.csv,csi_to_pose_mhw/pose_gt_world/full_33_landmarks/stand_to_sit/mhw/mhw_stand_to_sit_t025_full33.csv
mhw,mhw,lie_to_stand,t001,1,quiet,train,True,True,True,True,csi_to_pose_mhw/csi/safe/transition/lie_to_stand/mhw/mhw_lie_to_stand_t001.csv,csi_to_pose_mhw/pose_gt_world/proxy_13/lie_to_stand/mhw/mhw_lie_to_stand_t001_proxy13.csv,csi_to_pose_mhw/pose_gt_world/full_33_landmarks/lie_to_stand/mhw/mhw_lie_to_stand_t001_full33.csv
mhw,mhw,lie_to_stand,t002,2,quiet,train,True,True,True,True,csi_to_pose_mhw/csi/safe/transition/lie_to_stand/mhw/mhw_lie_to_stand_t002.csv,csi_to_pose_mhw/pose_gt_world/proxy_13/lie_to_stand/mhw/mhw_lie_to_stand_t002_proxy13.csv,csi_to_pose_mhw/pose_gt_world/full_33_landmarks/lie_to_stand/mhw/mhw_lie_to_stand_t002_full33.csv
mhw,mhw,lie_to_stand,t003,3,quiet,train,True,True,True,True,csi_to_pose_mhw/csi/safe/transition/lie_to_stand/mhw/mhw_lie_to_stand_t003.csv,csi_to_pose_mhw/pose_gt_world/proxy_13/lie_to_stand/mhw/mhw_lie_to_stand_t003_proxy13.csv,csi_to_pose_mhw/pose_gt_world/full_33_landmarks/lie_to_stand/mhw/mhw_lie_to_stand_t003_full33.csv
mhw,mhw,lie_to_stand,t004,4,quiet,train,True,True,True,True,csi_to_pose_mhw/csi/safe/transition/lie_to_stand/mhw/mhw_lie_to_stand_t004.csv,csi_to_pose_mhw/pose_gt_world/proxy_13/lie_to_stand/mhw/mhw_lie_to_stand_t004_proxy13.csv,csi_to_pose_mhw/pose_gt_world/full_33_landmarks/lie_to_stand/mhw/mhw_lie_to_stand_t004_full33.csv
mhw,mhw,lie_to_stand,t005,5,quiet,train,True,True,True,True,csi_to_pose_mhw/csi/safe/transition/lie_to_stand/mhw/mhw_lie_to_stand_t005.csv,csi_to_pose_mhw/pose_gt_world/proxy_13/lie_to_stand/mhw/mhw_lie_to_stand_t005_proxy13.csv,csi_to_pose_mhw/pose_gt_world/full_33_landmarks/lie_to_stand/mhw/mhw_lie_to_stand_t005_full33.csv
mhw,mhw,lie_to_stand,t006,6,quiet,val,True,True,True,True,csi_to_pose_mhw/csi/safe/transition/lie_to_stand/mhw/mhw_lie_to_stand_t006.csv,csi_to_pose_mhw/pose_gt_world/proxy_13/lie_to_stand/mhw/mhw_lie_to_stand_t006_proxy13.csv,csi_to_pose_mhw/pose_gt_world/full_33_landmarks/lie_to_stand/mhw/mhw_lie_to_stand_t006_full33.csv
mhw,mhw,lie_to_stand,t007,7,quiet,test,True,True,True,True,csi_to_pose_mhw/csi/safe/transition/lie_to_stand/mhw/mhw_lie_to_stand_t007.csv,csi_to_pose_mhw/pose_gt_world/proxy_13/lie_to_stand/mhw/mhw_lie_to_stand_t007_proxy13.csv,csi_to_pose_mhw/pose_gt_world/full_33_landmarks/lie_to_stand/mhw/mhw_lie_to_stand_t007_full33.csv
mhw,mhw,lie_to_stand,t008,8,aircon,train,True,True,True,True,csi_to_pose_mhw/csi/safe/transition/lie_to_stand/mhw/mhw_lie_to_stand_t008.csv,csi_to_pose_mhw/pose_gt_world/proxy_13/lie_to_stand/mhw/mhw_lie_to_stand_t008_proxy13.csv,csi_to_pose_mhw/pose_gt_world/full_33_landmarks/lie_to_stand/mhw/mhw_lie_to_stand_t008_full33.csv
mhw,mhw,lie_to_stand,t009,9,aircon,train,True,True,True,True,csi_to_pose_mhw/csi/safe/transition/lie_to_stand/mhw/mhw_lie_to_stand_t009.csv,csi_to_pose_mhw/pose_gt_world/proxy_13/lie_to_stand/mhw/mhw_lie_to_stand_t009_proxy13.csv,csi_to_pose_mhw/pose_gt_world/full_33_landmarks/lie_to_stand/mhw/mhw_lie_to_stand_t009_full33.csv
mhw,mhw,lie_to_stand,t010,10,aircon,train,True,True,True,True,csi_to_pose_mhw/csi/safe/transition/lie_to_stand/mhw/mhw_lie_to_stand_t010.csv,csi_to_pose_mhw/pose_gt_world/proxy_13/lie_to_stand/mhw/mhw_lie_to_stand_t010_proxy13.csv,csi_to_pose_mhw/pose_gt_world/full_33_landmarks/lie_to_stand/mhw/mhw_lie_to_stand_t010_full33.csv
mhw,mhw,lie_to_stand,t011,11,aircon,train,True,True,True,True,csi_to_pose_mhw/csi/safe/transition/lie_to_stand/mhw/mhw_lie_to_stand_t011.csv,csi_to_pose_mhw/pose_gt_world/proxy_13/lie_to_stand/mhw/mhw_lie_to_stand_t011_proxy13.csv,csi_to_pose_mhw/pose_gt_world/full_33_landmarks/lie_to_stand/mhw/mhw_lie_to_stand_t011_full33.csv
mhw,mhw,lie_to_stand,t012,12,aircon,val,True,True,True,True,csi_to_pose_mhw/csi/safe/transition/lie_to_stand/mhw/mhw_lie_to_stand_t012.csv,csi_to_pose_mhw/pose_gt_world/proxy_13/lie_to_stand/mhw/mhw_lie_to_stand_t012_proxy13.csv,csi_to_pose_mhw/pose_gt_world/full_33_landmarks/lie_to_stand/mhw/mhw_lie_to_stand_t012_full33.csv
mhw,mhw,lie_to_stand,t013,13,aircon,test,True,True,True,True,csi_to_pose_mhw/csi/safe/transition/lie_to_stand/mhw/mhw_lie_to_stand_t013.csv,csi_to_pose_mhw/pose_gt_world/proxy_13/lie_to_stand/mhw/mhw_lie_to_stand_t013_proxy13.csv,csi_to_pose_mhw/pose_gt_world/full_33_landmarks/lie_to_stand/mhw/mhw_lie_to_stand_t013_full33.csv
mhw,mhw,lie_to_stand,t014,14,tv,train,True,True,True,True,csi_to_pose_mhw/csi/safe/transition/lie_to_stand/mhw/mhw_lie_to_stand_t014.csv,csi_to_pose_mhw/pose_gt_world/proxy_13/lie_to_stand/mhw/mhw_lie_to_stand_t014_proxy13.csv,csi_to_pose_mhw/pose_gt_world/full_33_landmarks/lie_to_stand/mhw/mhw_lie_to_stand_t014_full33.csv
mhw,mhw,lie_to_stand,t015,15,tv,train,True,True,True,True,csi_to_pose_mhw/csi/safe/transition/lie_to_stand/mhw/mhw_lie_to_stand_t015.csv,csi_to_pose_mhw/pose_gt_world/proxy_13/lie_to_stand/mhw/mhw_lie_to_stand_t015_proxy13.csv,csi_to_pose_mhw/pose_gt_world/full_33_landmarks/lie_to_stand/mhw/mhw_lie_to_stand_t015_full33.csv
mhw,mhw,lie_to_stand,t016,16,tv,train,True,True,True,True,csi_to_pose_mhw/csi/safe/transition/lie_to_stand/mhw/mhw_lie_to_stand_t016.csv,csi_to_pose_mhw/pose_gt_world/proxy_13/lie_to_stand/mhw/mhw_lie_to_stand_t016_proxy13.csv,csi_to_pose_mhw/pose_gt_world/full_33_landmarks/lie_to_stand/mhw/mhw_lie_to_stand_t016_full33.csv
mhw,mhw,lie_to_stand,t017,17,tv,train,True,True,True,True,csi_to_pose_mhw/csi/safe/transition/lie_to_stand/mhw/mhw_lie_to_stand_t017.csv,csi_to_pose_mhw/pose_gt_world/proxy_13/lie_to_stand/mhw/mhw_lie_to_stand_t017_proxy13.csv,csi_to_pose_mhw/pose_gt_world/full_33_landmarks/lie_to_stand/mhw/mhw_lie_to_stand_t017_full33.csv
mhw,mhw,lie_to_stand,t018,18,tv,val,True,True,True,True,csi_to_pose_mhw/csi/safe/transition/lie_to_stand/mhw/mhw_lie_to_stand_t018.csv,csi_to_pose_mhw/pose_gt_world/proxy_13/lie_to_stand/mhw/mhw_lie_to_stand_t018_proxy13.csv,csi_to_pose_mhw/pose_gt_world/full_33_landmarks/lie_to_stand/mhw/mhw_lie_to_stand_t018_full33.csv
mhw,mhw,lie_to_stand,t019,19,tv,test,True,True,True,True,csi_to_pose_mhw/csi/safe/transition/lie_to_stand/mhw/mhw_lie_to_stand_t019.csv,csi_to_pose_mhw/pose_gt_world/proxy_13/lie_to_stand/mhw/mhw_lie_to_stand_t019_proxy13.csv,csi_to_pose_mhw/pose_gt_world/full_33_landmarks/lie_to_stand/mhw/mhw_lie_to_stand_t019_full33.csv
mhw,mhw,lie_to_stand,t020,20,music,train,True,True,True,True,csi_to_pose_mhw/csi/safe/transition/lie_to_stand/mhw/mhw_lie_to_stand_t020.csv,csi_to_pose_mhw/pose_gt_world/proxy_13/lie_to_stand/mhw/mhw_lie_to_stand_t020_proxy13.csv,csi_to_pose_mhw/pose_gt_world/full_33_landmarks/lie_to_stand/mhw/mhw_lie_to_stand_t020_full33.csv
mhw,mhw,lie_to_stand,t021,21,music,train,True,True,True,True,csi_to_pose_mhw/csi/safe/transition/lie_to_stand/mhw/mhw_lie_to_stand_t021.csv,csi_to_pose_mhw/pose_gt_world/proxy_13/lie_to_stand/mhw/mhw_lie_to_stand_t021_proxy13.csv,csi_to_pose_mhw/pose_gt_world/full_33_landmarks/lie_to_stand/mhw/mhw_lie_to_stand_t021_full33.csv
mhw,mhw,lie_to_stand,t022,22,music,train,True,True,True,True,csi_to_pose_mhw/csi/safe/transition/lie_to_stand/mhw/mhw_lie_to_stand_t022.csv,csi_to_pose_mhw/pose_gt_world/proxy_13/lie_to_stand/mhw/mhw_lie_to_stand_t022_proxy13.csv,csi_to_pose_mhw/pose_gt_world/full_33_landmarks/lie_to_stand/mhw/mhw_lie_to_stand_t022_full33.csv
mhw,mhw,lie_to_stand,t023,23,music,train,True,True,True,True,csi_to_pose_mhw/csi/safe/transition/lie_to_stand/mhw/mhw_lie_to_stand_t023.csv,csi_to_pose_mhw/pose_gt_world/proxy_13/lie_to_stand/mhw/mhw_lie_to_stand_t023_proxy13.csv,csi_to_pose_mhw/pose_gt_world/full_33_landmarks/lie_to_stand/mhw/mhw_lie_to_stand_t023_full33.csv
mhw,mhw,lie_to_stand,t024,24,music,val,True,True,True,True,csi_to_pose_mhw/csi/safe/transition/lie_to_stand/mhw/mhw_lie_to_stand_t024.csv,csi_to_pose_mhw/pose_gt_world/proxy_13/lie_to_stand/mhw/mhw_lie_to_stand_t024_proxy13.csv,csi_to_pose_mhw/pose_gt_world/full_33_landmarks/lie_to_stand/mhw/mhw_lie_to_stand_t024_full33.csv
mhw,mhw,lie_to_stand,t025,25,music,test,True,True,True,True,csi_to_pose_mhw/csi/safe/transition/lie_to_stand/mhw/mhw_lie_to_stand_t025.csv,csi_to_pose_mhw/pose_gt_world/proxy_13/lie_to_stand/mhw/mhw_lie_to_stand_t025_proxy13.csv,csi_to_pose_mhw/pose_gt_world/full_33_landmarks/lie_to_stand/mhw/mhw_lie_to_stand_t025_full33.csv
mhw,mhw,stand_to_lie_normal,t001,1,quiet,train,True,True,True,True,csi_to_pose_mhw/csi/safe/transition/stand_to_lie_normal/mhw/mhw_stand_to_lie_normal_t001.csv,csi_to_pose_mhw/pose_gt_world/proxy_13/stand_to_lie_normal/mhw/mhw_stand_to_lie_normal_t001_proxy13.csv,csi_to_pose_mhw/pose_gt_world/full_33_landmarks/stand_to_lie_normal/mhw/mhw_stand_to_lie_normal_t001_full33.csv
mhw,mhw,stand_to_lie_normal,t002,2,quiet,train,True,True,True,True,csi_to_pose_mhw/csi/safe/transition/stand_to_lie_normal/mhw/mhw_stand_to_lie_normal_t002.csv,csi_to_pose_mhw/pose_gt_world/proxy_13/stand_to_lie_normal/mhw/mhw_stand_to_lie_normal_t002_proxy13.csv,csi_to_pose_mhw/pose_gt_world/full_33_landmarks/stand_to_lie_normal/mhw/mhw_stand_to_lie_normal_t002_full33.csv
mhw,mhw,stand_to_lie_normal,t003,3,quiet,train,True,True,True,True,csi_to_pose_mhw/csi/safe/transition/stand_to_lie_normal/mhw/mhw_stand_to_lie_normal_t003.csv,csi_to_pose_mhw/pose_gt_world/proxy_13/stand_to_lie_normal/mhw/mhw_stand_to_lie_normal_t003_proxy13.csv,csi_to_pose_mhw/pose_gt_world/full_33_landmarks/stand_to_lie_normal/mhw/mhw_stand_to_lie_normal_t003_full33.csv
mhw,mhw,stand_to_lie_normal,t004,4,quiet,train,True,True,True,True,csi_to_pose_mhw/csi/safe/transition/stand_to_lie_normal/mhw/mhw_stand_to_lie_normal_t004.csv,csi_to_pose_mhw/pose_gt_world/proxy_13/stand_to_lie_normal/mhw/mhw_stand_to_lie_normal_t004_proxy13.csv,csi_to_pose_mhw/pose_gt_world/full_33_landmarks/stand_to_lie_normal/mhw/mhw_stand_to_lie_normal_t004_full33.csv
mhw,mhw,stand_to_lie_normal,t005,5,quiet,train,True,True,True,True,csi_to_pose_mhw/csi/safe/transition/stand_to_lie_normal/mhw/mhw_stand_to_lie_normal_t005.csv,csi_to_pose_mhw/pose_gt_world/proxy_13/stand_to_lie_normal/mhw/mhw_stand_to_lie_normal_t005_proxy13.csv,csi_to_pose_mhw/pose_gt_world/full_33_landmarks/stand_to_lie_normal/mhw/mhw_stand_to_lie_normal_t005_full33.csv
mhw,mhw,stand_to_lie_normal,t006,6,quiet,val,True,True,True,True,csi_to_pose_mhw/csi/safe/transition/stand_to_lie_normal/mhw/mhw_stand_to_lie_normal_t006.csv,csi_to_pose_mhw/pose_gt_world/proxy_13/stand_to_lie_normal/mhw/mhw_stand_to_lie_normal_t006_proxy13.csv,csi_to_pose_mhw/pose_gt_world/full_33_landmarks/stand_to_lie_normal/mhw/mhw_stand_to_lie_normal_t006_full33.csv
mhw,mhw,stand_to_lie_normal,t007,7,quiet,test,True,True,True,True,csi_to_pose_mhw/csi/safe/transition/stand_to_lie_normal/mhw/mhw_stand_to_lie_normal_t007.csv,csi_to_pose_mhw/pose_gt_world/proxy_13/stand_to_lie_normal/mhw/mhw_stand_to_lie_normal_t007_proxy13.csv,csi_to_pose_mhw/pose_gt_world/full_33_landmarks/stand_to_lie_normal/mhw/mhw_stand_to_lie_normal_t007_full33.csv
mhw,mhw,stand_to_lie_normal,t008,8,aircon,train,True,True,True,True,csi_to_pose_mhw/csi/safe/transition/stand_to_lie_normal/mhw/mhw_stand_to_lie_normal_t008.csv,csi_to_pose_mhw/pose_gt_world/proxy_13/stand_to_lie_normal/mhw/mhw_stand_to_lie_normal_t008_proxy13.csv,csi_to_pose_mhw/pose_gt_world/full_33_landmarks/stand_to_lie_normal/mhw/mhw_stand_to_lie_normal_t008_full33.csv
mhw,mhw,stand_to_lie_normal,t009,9,aircon,train,True,True,True,True,csi_to_pose_mhw/csi/safe/transition/stand_to_lie_normal/mhw/mhw_stand_to_lie_normal_t009.csv,csi_to_pose_mhw/pose_gt_world/proxy_13/stand_to_lie_normal/mhw/mhw_stand_to_lie_normal_t009_proxy13.csv,csi_to_pose_mhw/pose_gt_world/full_33_landmarks/stand_to_lie_normal/mhw/mhw_stand_to_lie_normal_t009_full33.csv
mhw,mhw,stand_to_lie_normal,t010,10,aircon,train,True,True,True,True,csi_to_pose_mhw/csi/safe/transition/stand_to_lie_normal/mhw/mhw_stand_to_lie_normal_t010.csv,csi_to_pose_mhw/pose_gt_world/proxy_13/stand_to_lie_normal/mhw/mhw_stand_to_lie_normal_t010_proxy13.csv,csi_to_pose_mhw/pose_gt_world/full_33_landmarks/stand_to_lie_normal/mhw/mhw_stand_to_lie_normal_t010_full33.csv
mhw,mhw,stand_to_lie_normal,t011,11,aircon,train,True,True,True,True,csi_to_pose_mhw/csi/safe/transition/stand_to_lie_normal/mhw/mhw_stand_to_lie_normal_t011.csv,csi_to_pose_mhw/pose_gt_world/proxy_13/stand_to_lie_normal/mhw/mhw_stand_to_lie_normal_t011_proxy13.csv,csi_to_pose_mhw/pose_gt_world/full_33_landmarks/stand_to_lie_normal/mhw/mhw_stand_to_lie_normal_t011_full33.csv
mhw,mhw,stand_to_lie_normal,t012,12,aircon,val,True,True,True,True,csi_to_pose_mhw/csi/safe/transition/stand_to_lie_normal/mhw/mhw_stand_to_lie_normal_t012.csv,csi_to_pose_mhw/pose_gt_world/proxy_13/stand_to_lie_normal/mhw/mhw_stand_to_lie_normal_t012_proxy13.csv,csi_to_pose_mhw/pose_gt_world/full_33_landmarks/stand_to_lie_normal/mhw/mhw_stand_to_lie_normal_t012_full33.csv
mhw,mhw,stand_to_lie_normal,t013,13,aircon,test,True,True,True,True,csi_to_pose_mhw/csi/safe/transition/stand_to_lie_normal/mhw/mhw_stand_to_lie_normal_t013.csv,csi_to_pose_mhw/pose_gt_world/proxy_13/stand_to_lie_normal/mhw/mhw_stand_to_lie_normal_t013_proxy13.csv,csi_to_pose_mhw/pose_gt_world/full_33_landmarks/stand_to_lie_normal/mhw/mhw_stand_to_lie_normal_t013_full33.csv
mhw,mhw,stand_to_lie_normal,t014,14,tv,train,True,True,True,True,csi_to_pose_mhw/csi/safe/transition/stand_to_lie_normal/mhw/mhw_stand_to_lie_normal_t014.csv,csi_to_pose_mhw/pose_gt_world/proxy_13/stand_to_lie_normal/mhw/mhw_stand_to_lie_normal_t014_proxy13.csv,csi_to_pose_mhw/pose_gt_world/full_33_landmarks/stand_to_lie_normal/mhw/mhw_stand_to_lie_normal_t014_full33.csv
mhw,mhw,stand_to_lie_normal,t015,15,tv,train,True,True,True,True,csi_to_pose_mhw/csi/safe/transition/stand_to_lie_normal/mhw/mhw_stand_to_lie_normal_t015.csv,csi_to_pose_mhw/pose_gt_world/proxy_13/stand_to_lie_normal/mhw/mhw_stand_to_lie_normal_t015_proxy13.csv,csi_to_pose_mhw/pose_gt_world/full_33_landmarks/stand_to_lie_normal/mhw/mhw_stand_to_lie_normal_t015_full33.csv
mhw,mhw,stand_to_lie_normal,t016,16,tv,train,True,True,True,True,csi_to_pose_mhw/csi/safe/transition/stand_to_lie_normal/mhw/mhw_stand_to_lie_normal_t016.csv,csi_to_pose_mhw/pose_gt_world/proxy_13/stand_to_lie_normal/mhw/mhw_stand_to_lie_normal_t016_proxy13.csv,csi_to_pose_mhw/pose_gt_world/full_33_landmarks/stand_to_lie_normal/mhw/mhw_stand_to_lie_normal_t016_full33.csv
mhw,mhw,stand_to_lie_normal,t017,17,tv,train,True,True,True,True,csi_to_pose_mhw/csi/safe/transition/stand_to_lie_normal/mhw/mhw_stand_to_lie_normal_t017.csv,csi_to_pose_mhw/pose_gt_world/proxy_13/stand_to_lie_normal/mhw/mhw_stand_to_lie_normal_t017_proxy13.csv,csi_to_pose_mhw/pose_gt_world/full_33_landmarks/stand_to_lie_normal/mhw/mhw_stand_to_lie_normal_t017_full33.csv
mhw,mhw,stand_to_lie_normal,t018,18,tv,val,True,True,True,True,csi_to_pose_mhw/csi/safe/transition/stand_to_lie_normal/mhw/mhw_stand_to_lie_normal_t018.csv,csi_to_pose_mhw/pose_gt_world/proxy_13/stand_to_lie_normal/mhw/mhw_stand_to_lie_normal_t018_proxy13.csv,csi_to_pose_mhw/pose_gt_world/full_33_landmarks/stand_to_lie_normal/mhw/mhw_stand_to_lie_normal_t018_full33.csv
mhw,mhw,stand_to_lie_normal,t019,19,tv,test,True,True,True,True,csi_to_pose_mhw/csi/safe/transition/stand_to_lie_normal/mhw/mhw_stand_to_lie_normal_t019.csv,csi_to_pose_mhw/pose_gt_world/proxy_13/stand_to_lie_normal/mhw/mhw_stand_to_lie_normal_t019_proxy13.csv,csi_to_pose_mhw/pose_gt_world/full_33_landmarks/stand_to_lie_normal/mhw/mhw_stand_to_lie_normal_t019_full33.csv
mhw,mhw,stand_to_lie_normal,t020,20,music,train,True,True,True,True,csi_to_pose_mhw/csi/safe/transition/stand_to_lie_normal/mhw/mhw_stand_to_lie_normal_t020.csv,csi_to_pose_mhw/pose_gt_world/proxy_13/stand_to_lie_normal/mhw/mhw_stand_to_lie_normal_t020_proxy13.csv,csi_to_pose_mhw/pose_gt_world/full_33_landmarks/stand_to_lie_normal/mhw/mhw_stand_to_lie_normal_t020_full33.csv
mhw,mhw,stand_to_lie_normal,t021,21,music,train,True,True,True,True,csi_to_pose_mhw/csi/safe/transition/stand_to_lie_normal/mhw/mhw_stand_to_lie_normal_t021.csv,csi_to_pose_mhw/pose_gt_world/proxy_13/stand_to_lie_normal/mhw/mhw_stand_to_lie_normal_t021_proxy13.csv,csi_to_pose_mhw/pose_gt_world/full_33_landmarks/stand_to_lie_normal/mhw/mhw_stand_to_lie_normal_t021_full33.csv
mhw,mhw,stand_to_lie_normal,t022,22,music,train,True,True,True,True,csi_to_pose_mhw/csi/safe/transition/stand_to_lie_normal/mhw/mhw_stand_to_lie_normal_t022.csv,csi_to_pose_mhw/pose_gt_world/proxy_13/stand_to_lie_normal/mhw/mhw_stand_to_lie_normal_t022_proxy13.csv,csi_to_pose_mhw/pose_gt_world/full_33_landmarks/stand_to_lie_normal/mhw/mhw_stand_to_lie_normal_t022_full33.csv
mhw,mhw,stand_to_lie_normal,t023,23,music,train,True,True,True,True,csi_to_pose_mhw/csi/safe/transition/stand_to_lie_normal/mhw/mhw_stand_to_lie_normal_t023.csv,csi_to_pose_mhw/pose_gt_world/proxy_13/stand_to_lie_normal/mhw/mhw_stand_to_lie_normal_t023_proxy13.csv,csi_to_pose_mhw/pose_gt_world/full_33_landmarks/stand_to_lie_normal/mhw/mhw_stand_to_lie_normal_t023_full33.csv
mhw,mhw,stand_to_lie_normal,t024,24,music,val,True,True,True,True,csi_to_pose_mhw/csi/safe/transition/stand_to_lie_normal/mhw/mhw_stand_to_lie_normal_t024.csv,csi_to_pose_mhw/pose_gt_world/proxy_13/stand_to_lie_normal/mhw/mhw_stand_to_lie_normal_t024_proxy13.csv,csi_to_pose_mhw/pose_gt_world/full_33_landmarks/stand_to_lie_normal/mhw/mhw_stand_to_lie_normal_t024_full33.csv
mhw,mhw,stand_to_lie_normal,t025,25,music,test,True,True,True,True,csi_to_pose_mhw/csi/safe/transition/stand_to_lie_normal/mhw/mhw_stand_to_lie_normal_t025.csv,csi_to_pose_mhw/pose_gt_world/proxy_13/stand_to_lie_normal/mhw/mhw_stand_to_lie_normal_t025_proxy13.csv,csi_to_pose_mhw/pose_gt_world/full_33_landmarks/stand_to_lie_normal/mhw/mhw_stand_to_lie_normal_t025_full33.csv
mhw,mhw,bed_exit_failed,t001,1,quiet,train,True,True,True,True,csi_to_pose_mhw/csi/warning/bed_exit/bed_exit_failed/mhw/mhw_bed_exit_failed_t001.csv,csi_to_pose_mhw/pose_gt_world/proxy_13/bed_exit_failed/mhw/mhw_bed_exit_failed_t001_proxy13.csv,csi_to_pose_mhw/pose_gt_world/full_33_landmarks/bed_exit_failed/mhw/mhw_bed_exit_failed_t001_full33.csv
mhw,mhw,bed_exit_failed,t002,2,quiet,train,True,True,True,True,csi_to_pose_mhw/csi/warning/bed_exit/bed_exit_failed/mhw/mhw_bed_exit_failed_t002.csv,csi_to_pose_mhw/pose_gt_world/proxy_13/bed_exit_failed/mhw/mhw_bed_exit_failed_t002_proxy13.csv,csi_to_pose_mhw/pose_gt_world/full_33_landmarks/bed_exit_failed/mhw/mhw_bed_exit_failed_t002_full33.csv
mhw,mhw,bed_exit_failed,t003,3,quiet,train,True,True,True,True,csi_to_pose_mhw/csi/warning/bed_exit/bed_exit_failed/mhw/mhw_bed_exit_failed_t003.csv,csi_to_pose_mhw/pose_gt_world/proxy_13/bed_exit_failed/mhw/mhw_bed_exit_failed_t003_proxy13.csv,csi_to_pose_mhw/pose_gt_world/full_33_landmarks/bed_exit_failed/mhw/mhw_bed_exit_failed_t003_full33.csv
mhw,mhw,bed_exit_failed,t004,4,quiet,train,True,True,True,True,csi_to_pose_mhw/csi/warning/bed_exit/bed_exit_failed/mhw/mhw_bed_exit_failed_t004.csv,csi_to_pose_mhw/pose_gt_world/proxy_13/bed_exit_failed/mhw/mhw_bed_exit_failed_t004_proxy13.csv,csi_to_pose_mhw/pose_gt_world/full_33_landmarks/bed_exit_failed/mhw/mhw_bed_exit_failed_t004_full33.csv
mhw,mhw,bed_exit_failed,t005,5,quiet,train,True,True,True,True,csi_to_pose_mhw/csi/warning/bed_exit/bed_exit_failed/mhw/mhw_bed_exit_failed_t005.csv,csi_to_pose_mhw/pose_gt_world/proxy_13/bed_exit_failed/mhw/mhw_bed_exit_failed_t005_proxy13.csv,csi_to_pose_mhw/pose_gt_world/full_33_landmarks/bed_exit_failed/mhw/mhw_bed_exit_failed_t005_full33.csv
mhw,mhw,bed_exit_failed,t006,6,quiet,val,True,True,True,True,csi_to_pose_mhw/csi/warning/bed_exit/bed_exit_failed/mhw/mhw_bed_exit_failed_t006.csv,csi_to_pose_mhw/pose_gt_world/proxy_13/bed_exit_failed/mhw/mhw_bed_exit_failed_t006_proxy13.csv,csi_to_pose_mhw/pose_gt_world/full_33_landmarks/bed_exit_failed/mhw/mhw_bed_exit_failed_t006_full33.csv
mhw,mhw,bed_exit_failed,t007,7,quiet,test,True,True,True,True,csi_to_pose_mhw/csi/warning/bed_exit/bed_exit_failed/mhw/mhw_bed_exit_failed_t007.csv,csi_to_pose_mhw/pose_gt_world/proxy_13/bed_exit_failed/mhw/mhw_bed_exit_failed_t007_proxy13.csv,csi_to_pose_mhw/pose_gt_world/full_33_landmarks/bed_exit_failed/mhw/mhw_bed_exit_failed_t007_full33.csv
mhw,mhw,bed_exit_failed,t008,8,aircon,train,True,True,True,True,csi_to_pose_mhw/csi/warning/bed_exit/bed_exit_failed/mhw/mhw_bed_exit_failed_t008.csv,csi_to_pose_mhw/pose_gt_world/proxy_13/bed_exit_failed/mhw/mhw_bed_exit_failed_t008_proxy13.csv,csi_to_pose_mhw/pose_gt_world/full_33_landmarks/bed_exit_failed/mhw/mhw_bed_exit_failed_t008_full33.csv
mhw,mhw,bed_exit_failed,t009,9,aircon,train,True,True,True,True,csi_to_pose_mhw/csi/warning/bed_exit/bed_exit_failed/mhw/mhw_bed_exit_failed_t009.csv,csi_to_pose_mhw/pose_gt_world/proxy_13/bed_exit_failed/mhw/mhw_bed_exit_failed_t009_proxy13.csv,csi_to_pose_mhw/pose_gt_world/full_33_landmarks/bed_exit_failed/mhw/mhw_bed_exit_failed_t009_full33.csv
mhw,mhw,bed_exit_failed,t010,10,aircon,train,True,True,True,True,csi_to_pose_mhw/csi/warning/bed_exit/bed_exit_failed/mhw/mhw_bed_exit_failed_t010.csv,csi_to_pose_mhw/pose_gt_world/proxy_13/bed_exit_failed/mhw/mhw_bed_exit_failed_t010_proxy13.csv,csi_to_pose_mhw/pose_gt_world/full_33_landmarks/bed_exit_failed/mhw/mhw_bed_exit_failed_t010_full33.csv
mhw,mhw,bed_exit_failed,t011,11,aircon,train,True,True,True,True,csi_to_pose_mhw/csi/warning/bed_exit/bed_exit_failed/mhw/mhw_bed_exit_failed_t011.csv,csi_to_pose_mhw/pose_gt_world/proxy_13/bed_exit_failed/mhw/mhw_bed_exit_failed_t011_proxy13.csv,csi_to_pose_mhw/pose_gt_world/full_33_landmarks/bed_exit_failed/mhw/mhw_bed_exit_failed_t011_full33.csv
mhw,mhw,bed_exit_failed,t012,12,aircon,val,True,True,True,True,csi_to_pose_mhw/csi/warning/bed_exit/bed_exit_failed/mhw/mhw_bed_exit_failed_t012.csv,csi_to_pose_mhw/pose_gt_world/proxy_13/bed_exit_failed/mhw/mhw_bed_exit_failed_t012_proxy13.csv,csi_to_pose_mhw/pose_gt_world/full_33_landmarks/bed_exit_failed/mhw/mhw_bed_exit_failed_t012_full33.csv
mhw,mhw,bed_exit_failed,t013,13,aircon,test,True,True,True,True,csi_to_pose_mhw/csi/warning/bed_exit/bed_exit_failed/mhw/mhw_bed_exit_failed_t013.csv,csi_to_pose_mhw/pose_gt_world/proxy_13/bed_exit_failed/mhw/mhw_bed_exit_failed_t013_proxy13.csv,csi_to_pose_mhw/pose_gt_world/full_33_landmarks/bed_exit_failed/mhw/mhw_bed_exit_failed_t013_full33.csv
mhw,mhw,bed_exit_failed,t014,14,tv,train,True,True,True,True,csi_to_pose_mhw/csi/warning/bed_exit/bed_exit_failed/mhw/mhw_bed_exit_failed_t014.csv,csi_to_pose_mhw/pose_gt_world/proxy_13/bed_exit_failed/mhw/mhw_bed_exit_failed_t014_proxy13.csv,csi_to_pose_mhw/pose_gt_world/full_33_landmarks/bed_exit_failed/mhw/mhw_bed_exit_failed_t014_full33.csv
mhw,mhw,bed_exit_failed,t015,15,tv,train,True,True,True,True,csi_to_pose_mhw/csi/warning/bed_exit/bed_exit_failed/mhw/mhw_bed_exit_failed_t015.csv,csi_to_pose_mhw/pose_gt_world/proxy_13/bed_exit_failed/mhw/mhw_bed_exit_failed_t015_proxy13.csv,csi_to_pose_mhw/pose_gt_world/full_33_landmarks/bed_exit_failed/mhw/mhw_bed_exit_failed_t015_full33.csv
mhw,mhw,bed_exit_failed,t016,16,tv,train,True,True,True,True,csi_to_pose_mhw/csi/warning/bed_exit/bed_exit_failed/mhw/mhw_bed_exit_failed_t016.csv,csi_to_pose_mhw/pose_gt_world/proxy_13/bed_exit_failed/mhw/mhw_bed_exit_failed_t016_proxy13.csv,csi_to_pose_mhw/pose_gt_world/full_33_landmarks/bed_exit_failed/mhw/mhw_bed_exit_failed_t016_full33.csv
mhw,mhw,bed_exit_failed,t017,17,tv,train,True,True,True,True,csi_to_pose_mhw/csi/warning/bed_exit/bed_exit_failed/mhw/mhw_bed_exit_failed_t017.csv,csi_to_pose_mhw/pose_gt_world/proxy_13/bed_exit_failed/mhw/mhw_bed_exit_failed_t017_proxy13.csv,csi_to_pose_mhw/pose_gt_world/full_33_landmarks/bed_exit_failed/mhw/mhw_bed_exit_failed_t017_full33.csv
mhw,mhw,bed_exit_failed,t018,18,tv,val,True,True,True,True,csi_to_pose_mhw/csi/warning/bed_exit/bed_exit_failed/mhw/mhw_bed_exit_failed_t018.csv,csi_to_pose_mhw/pose_gt_world/proxy_13/bed_exit_failed/mhw/mhw_bed_exit_failed_t018_proxy13.csv,csi_to_pose_mhw/pose_gt_world/full_33_landmarks/bed_exit_failed/mhw/mhw_bed_exit_failed_t018_full33.csv
mhw,mhw,bed_exit_failed,t019,19,tv,test,True,True,True,True,csi_to_pose_mhw/csi/warning/bed_exit/bed_exit_failed/mhw/mhw_bed_exit_failed_t019.csv,csi_to_pose_mhw/pose_gt_world/proxy_13/bed_exit_failed/mhw/mhw_bed_exit_failed_t019_proxy13.csv,csi_to_pose_mhw/pose_gt_world/full_33_landmarks/bed_exit_failed/mhw/mhw_bed_exit_failed_t019_full33.csv
mhw,mhw,bed_exit_failed,t020,20,music,train,True,True,True,True,csi_to_pose_mhw/csi/warning/bed_exit/bed_exit_failed/mhw/mhw_bed_exit_failed_t020.csv,csi_to_pose_mhw/pose_gt_world/proxy_13/bed_exit_failed/mhw/mhw_bed_exit_failed_t020_proxy13.csv,csi_to_pose_mhw/pose_gt_world/full_33_landmarks/bed_exit_failed/mhw/mhw_bed_exit_failed_t020_full33.csv
mhw,mhw,bed_exit_failed,t021,21,music,train,True,True,True,True,csi_to_pose_mhw/csi/warning/bed_exit/bed_exit_failed/mhw/mhw_bed_exit_failed_t021.csv,csi_to_pose_mhw/pose_gt_world/proxy_13/bed_exit_failed/mhw/mhw_bed_exit_failed_t021_proxy13.csv,csi_to_pose_mhw/pose_gt_world/full_33_landmarks/bed_exit_failed/mhw/mhw_bed_exit_failed_t021_full33.csv
mhw,mhw,bed_exit_failed,t022,22,music,train,True,True,True,True,csi_to_pose_mhw/csi/warning/bed_exit/bed_exit_failed/mhw/mhw_bed_exit_failed_t022.csv,csi_to_pose_mhw/pose_gt_world/proxy_13/bed_exit_failed/mhw/mhw_bed_exit_failed_t022_proxy13.csv,csi_to_pose_mhw/pose_gt_world/full_33_landmarks/bed_exit_failed/mhw/mhw_bed_exit_failed_t022_full33.csv
mhw,mhw,bed_exit_failed,t023,23,music,train,True,True,True,True,csi_to_pose_mhw/csi/warning/bed_exit/bed_exit_failed/mhw/mhw_bed_exit_failed_t023.csv,csi_to_pose_mhw/pose_gt_world/proxy_13/bed_exit_failed/mhw/mhw_bed_exit_failed_t023_proxy13.csv,csi_to_pose_mhw/pose_gt_world/full_33_landmarks/bed_exit_failed/mhw/mhw_bed_exit_failed_t023_full33.csv
mhw,mhw,bed_exit_failed,t024,24,music,val,True,True,True,True,csi_to_pose_mhw/csi/warning/bed_exit/bed_exit_failed/mhw/mhw_bed_exit_failed_t024.csv,csi_to_pose_mhw/pose_gt_world/proxy_13/bed_exit_failed/mhw/mhw_bed_exit_failed_t024_proxy13.csv,csi_to_pose_mhw/pose_gt_world/full_33_landmarks/bed_exit_failed/mhw/mhw_bed_exit_failed_t024_full33.csv
mhw,mhw,bed_exit_failed,t025,25,music,test,True,True,True,True,csi_to_pose_mhw/csi/warning/bed_exit/bed_exit_failed/mhw/mhw_bed_exit_failed_t025.csv,csi_to_pose_mhw/pose_gt_world/proxy_13/bed_exit_failed/mhw/mhw_bed_exit_failed_t025_proxy13.csv,csi_to_pose_mhw/pose_gt_world/full_33_landmarks/bed_exit_failed/mhw/mhw_bed_exit_failed_t025_full33.csv
mhw,mhw,unstable_walking,t001,1,quiet,train,True,True,True,True,csi_to_pose_mhw/csi/warning/gait/unstable_walking/mhw/mhw_unstable_walking_t001.csv,csi_to_pose_mhw/pose_gt_world/proxy_13/unstable_walking/mhw/mhw_unstable_walking_t001_proxy13.csv,csi_to_pose_mhw/pose_gt_world/full_33_landmarks/unstable_walking/mhw/mhw_unstable_walking_t001_full33.csv
mhw,mhw,unstable_walking,t002,2,quiet,train,True,True,True,True,csi_to_pose_mhw/csi/warning/gait/unstable_walking/mhw/mhw_unstable_walking_t002.csv,csi_to_pose_mhw/pose_gt_world/proxy_13/unstable_walking/mhw/mhw_unstable_walking_t002_proxy13.csv,csi_to_pose_mhw/pose_gt_world/full_33_landmarks/unstable_walking/mhw/mhw_unstable_walking_t002_full33.csv
mhw,mhw,unstable_walking,t003,3,quiet,train,True,True,True,True,csi_to_pose_mhw/csi/warning/gait/unstable_walking/mhw/mhw_unstable_walking_t003.csv,csi_to_pose_mhw/pose_gt_world/proxy_13/unstable_walking/mhw/mhw_unstable_walking_t003_proxy13.csv,csi_to_pose_mhw/pose_gt_world/full_33_landmarks/unstable_walking/mhw/mhw_unstable_walking_t003_full33.csv
mhw,mhw,unstable_walking,t004,4,quiet,train,True,True,True,True,csi_to_pose_mhw/csi/warning/gait/unstable_walking/mhw/mhw_unstable_walking_t004.csv,csi_to_pose_mhw/pose_gt_world/proxy_13/unstable_walking/mhw/mhw_unstable_walking_t004_proxy13.csv,csi_to_pose_mhw/pose_gt_world/full_33_landmarks/unstable_walking/mhw/mhw_unstable_walking_t004_full33.csv
mhw,mhw,unstable_walking,t005,5,quiet,train,True,True,True,True,csi_to_pose_mhw/csi/warning/gait/unstable_walking/mhw/mhw_unstable_walking_t005.csv,csi_to_pose_mhw/pose_gt_world/proxy_13/unstable_walking/mhw/mhw_unstable_walking_t005_proxy13.csv,csi_to_pose_mhw/pose_gt_world/full_33_landmarks/unstable_walking/mhw/mhw_unstable_walking_t005_full33.csv
mhw,mhw,unstable_walking,t006,6,quiet,val,True,True,True,True,csi_to_pose_mhw/csi/warning/gait/unstable_walking/mhw/mhw_unstable_walking_t006.csv,csi_to_pose_mhw/pose_gt_world/proxy_13/unstable_walking/mhw/mhw_unstable_walking_t006_proxy13.csv,csi_to_pose_mhw/pose_gt_world/full_33_landmarks/unstable_walking/mhw/mhw_unstable_walking_t006_full33.csv
mhw,mhw,unstable_walking,t007,7,quiet,test,True,True,True,True,csi_to_pose_mhw/csi/warning/gait/unstable_walking/mhw/mhw_unstable_walking_t007.csv,csi_to_pose_mhw/pose_gt_world/proxy_13/unstable_walking/mhw/mhw_unstable_walking_t007_proxy13.csv,csi_to_pose_mhw/pose_gt_world/full_33_landmarks/unstable_walking/mhw/mhw_unstable_walking_t007_full33.csv
mhw,mhw,unstable_walking,t008,8,aircon,train,True,True,True,True,csi_to_pose_mhw/csi/warning/gait/unstable_walking/mhw/mhw_unstable_walking_t008.csv,csi_to_pose_mhw/pose_gt_world/proxy_13/unstable_walking/mhw/mhw_unstable_walking_t008_proxy13.csv,csi_to_pose_mhw/pose_gt_world/full_33_landmarks/unstable_walking/mhw/mhw_unstable_walking_t008_full33.csv
mhw,mhw,unstable_walking,t009,9,aircon,train,True,True,True,True,csi_to_pose_mhw/csi/warning/gait/unstable_walking/mhw/mhw_unstable_walking_t009.csv,csi_to_pose_mhw/pose_gt_world/proxy_13/unstable_walking/mhw/mhw_unstable_walking_t009_proxy13.csv,csi_to_pose_mhw/pose_gt_world/full_33_landmarks/unstable_walking/mhw/mhw_unstable_walking_t009_full33.csv
mhw,mhw,unstable_walking,t010,10,aircon,train,True,True,True,True,csi_to_pose_mhw/csi/warning/gait/unstable_walking/mhw/mhw_unstable_walking_t010.csv,csi_to_pose_mhw/pose_gt_world/proxy_13/unstable_walking/mhw/mhw_unstable_walking_t010_proxy13.csv,csi_to_pose_mhw/pose_gt_world/full_33_landmarks/unstable_walking/mhw/mhw_unstable_walking_t010_full33.csv
mhw,mhw,unstable_walking,t011,11,aircon,train,True,True,True,True,csi_to_pose_mhw/csi/warning/gait/unstable_walking/mhw/mhw_unstable_walking_t011.csv,csi_to_pose_mhw/pose_gt_world/proxy_13/unstable_walking/mhw/mhw_unstable_walking_t011_proxy13.csv,csi_to_pose_mhw/pose_gt_world/full_33_landmarks/unstable_walking/mhw/mhw_unstable_walking_t011_full33.csv
mhw,mhw,unstable_walking,t012,12,aircon,val,True,True,True,True,csi_to_pose_mhw/csi/warning/gait/unstable_walking/mhw/mhw_unstable_walking_t012.csv,csi_to_pose_mhw/pose_gt_world/proxy_13/unstable_walking/mhw/mhw_unstable_walking_t012_proxy13.csv,csi_to_pose_mhw/pose_gt_world/full_33_landmarks/unstable_walking/mhw/mhw_unstable_walking_t012_full33.csv
mhw,mhw,unstable_walking,t013,13,aircon,test,True,True,True,True,csi_to_pose_mhw/csi/warning/gait/unstable_walking/mhw/mhw_unstable_walking_t013.csv,csi_to_pose_mhw/pose_gt_world/proxy_13/unstable_walking/mhw/mhw_unstable_walking_t013_proxy13.csv,csi_to_pose_mhw/pose_gt_world/full_33_landmarks/unstable_walking/mhw/mhw_unstable_walking_t013_full33.csv
mhw,mhw,unstable_walking,t014,14,tv,train,True,True,True,True,csi_to_pose_mhw/csi/warning/gait/unstable_walking/mhw/mhw_unstable_walking_t014.csv,csi_to_pose_mhw/pose_gt_world/proxy_13/unstable_walking/mhw/mhw_unstable_walking_t014_proxy13.csv,csi_to_pose_mhw/pose_gt_world/full_33_landmarks/unstable_walking/mhw/mhw_unstable_walking_t014_full33.csv
mhw,mhw,unstable_walking,t015,15,tv,train,True,True,True,True,csi_to_pose_mhw/csi/warning/gait/unstable_walking/mhw/mhw_unstable_walking_t015.csv,csi_to_pose_mhw/pose_gt_world/proxy_13/unstable_walking/mhw/mhw_unstable_walking_t015_proxy13.csv,csi_to_pose_mhw/pose_gt_world/full_33_landmarks/unstable_walking/mhw/mhw_unstable_walking_t015_full33.csv
mhw,mhw,unstable_walking,t016,16,tv,train,True,True,True,True,csi_to_pose_mhw/csi/warning/gait/unstable_walking/mhw/mhw_unstable_walking_t016.csv,csi_to_pose_mhw/pose_gt_world/proxy_13/unstable_walking/mhw/mhw_unstable_walking_t016_proxy13.csv,csi_to_pose_mhw/pose_gt_world/full_33_landmarks/unstable_walking/mhw/mhw_unstable_walking_t016_full33.csv
mhw,mhw,unstable_walking,t017,17,tv,train,True,True,True,True,csi_to_pose_mhw/csi/warning/gait/unstable_walking/mhw/mhw_unstable_walking_t017.csv,csi_to_pose_mhw/pose_gt_world/proxy_13/unstable_walking/mhw/mhw_unstable_walking_t017_proxy13.csv,csi_to_pose_mhw/pose_gt_world/full_33_landmarks/unstable_walking/mhw/mhw_unstable_walking_t017_full33.csv
mhw,mhw,unstable_walking,t018,18,tv,val,True,True,True,True,csi_to_pose_mhw/csi/warning/gait/unstable_walking/mhw/mhw_unstable_walking_t018.csv,csi_to_pose_mhw/pose_gt_world/proxy_13/unstable_walking/mhw/mhw_unstable_walking_t018_proxy13.csv,csi_to_pose_mhw/pose_gt_world/full_33_landmarks/unstable_walking/mhw/mhw_unstable_walking_t018_full33.csv
mhw,mhw,unstable_walking,t019,19,tv,test,True,True,True,True,csi_to_pose_mhw/csi/warning/gait/unstable_walking/mhw/mhw_unstable_walking_t019.csv,csi_to_pose_mhw/pose_gt_world/proxy_13/unstable_walking/mhw/mhw_unstable_walking_t019_proxy13.csv,csi_to_pose_mhw/pose_gt_world/full_33_landmarks/unstable_walking/mhw/mhw_unstable_walking_t019_full33.csv
mhw,mhw,unstable_walking,t020,20,music,train,True,True,True,True,csi_to_pose_mhw/csi/warning/gait/unstable_walking/mhw/mhw_unstable_walking_t020.csv,csi_to_pose_mhw/pose_gt_world/proxy_13/unstable_walking/mhw/mhw_unstable_walking_t020_proxy13.csv,csi_to_pose_mhw/pose_gt_world/full_33_landmarks/unstable_walking/mhw/mhw_unstable_walking_t020_full33.csv
mhw,mhw,unstable_walking,t021,21,music,train,True,True,True,True,csi_to_pose_mhw/csi/warning/gait/unstable_walking/mhw/mhw_unstable_walking_t021.csv,csi_to_pose_mhw/pose_gt_world/proxy_13/unstable_walking/mhw/mhw_unstable_walking_t021_proxy13.csv,csi_to_pose_mhw/pose_gt_world/full_33_landmarks/unstable_walking/mhw/mhw_unstable_walking_t021_full33.csv
mhw,mhw,unstable_walking,t022,22,music,train,True,True,True,True,csi_to_pose_mhw/csi/warning/gait/unstable_walking/mhw/mhw_unstable_walking_t022.csv,csi_to_pose_mhw/pose_gt_world/proxy_13/unstable_walking/mhw/mhw_unstable_walking_t022_proxy13.csv,csi_to_pose_mhw/pose_gt_world/full_33_landmarks/unstable_walking/mhw/mhw_unstable_walking_t022_full33.csv
mhw,mhw,unstable_walking,t023,23,music,train,True,True,True,True,csi_to_pose_mhw/csi/warning/gait/unstable_walking/mhw/mhw_unstable_walking_t023.csv,csi_to_pose_mhw/pose_gt_world/proxy_13/unstable_walking/mhw/mhw_unstable_walking_t023_proxy13.csv,csi_to_pose_mhw/pose_gt_world/full_33_landmarks/unstable_walking/mhw/mhw_unstable_walking_t023_full33.csv
mhw,mhw,unstable_walking,t024,24,music,val,True,True,True,True,csi_to_pose_mhw/csi/warning/gait/unstable_walking/mhw/mhw_unstable_walking_t024.csv,csi_to_pose_mhw/pose_gt_world/proxy_13/unstable_walking/mhw/mhw_unstable_walking_t024_proxy13.csv,csi_to_pose_mhw/pose_gt_world/full_33_landmarks/unstable_walking/mhw/mhw_unstable_walking_t024_full33.csv
mhw,mhw,unstable_walking,t025,25,music,test,True,True,True,True,csi_to_pose_mhw/csi/warning/gait/unstable_walking/mhw/mhw_unstable_walking_t025.csv,csi_to_pose_mhw/pose_gt_world/proxy_13/unstable_walking/mhw/mhw_unstable_walking_t025_proxy13.csv,csi_to_pose_mhw/pose_gt_world/full_33_landmarks/unstable_walking/mhw/mhw_unstable_walking_t025_full33.csv
mhw,mhw,post_fall_inactive,t001,1,quiet,train,True,True,True,True,csi_to_pose_mhw/csi/danger/fall/post_fall_inactive/mhw/mhw_post_fall_inactive_t001.csv,csi_to_pose_mhw/pose_gt_world/proxy_13/post_fall_inactive/mhw/mhw_post_fall_inactive_t001_proxy13.csv,csi_to_pose_mhw/pose_gt_world/full_33_landmarks/post_fall_inactive/mhw/mhw_post_fall_inactive_t001_full33.csv
mhw,mhw,post_fall_inactive,t002,2,quiet,train,True,True,True,True,csi_to_pose_mhw/csi/danger/fall/post_fall_inactive/mhw/mhw_post_fall_inactive_t002.csv,csi_to_pose_mhw/pose_gt_world/proxy_13/post_fall_inactive/mhw/mhw_post_fall_inactive_t002_proxy13.csv,csi_to_pose_mhw/pose_gt_world/full_33_landmarks/post_fall_inactive/mhw/mhw_post_fall_inactive_t002_full33.csv
mhw,mhw,post_fall_inactive,t003,3,quiet,train,True,True,True,True,csi_to_pose_mhw/csi/danger/fall/post_fall_inactive/mhw/mhw_post_fall_inactive_t003.csv,csi_to_pose_mhw/pose_gt_world/proxy_13/post_fall_inactive/mhw/mhw_post_fall_inactive_t003_proxy13.csv,csi_to_pose_mhw/pose_gt_world/full_33_landmarks/post_fall_inactive/mhw/mhw_post_fall_inactive_t003_full33.csv
mhw,mhw,post_fall_inactive,t004,4,quiet,train,True,True,True,True,csi_to_pose_mhw/csi/danger/fall/post_fall_inactive/mhw/mhw_post_fall_inactive_t004.csv,csi_to_pose_mhw/pose_gt_world/proxy_13/post_fall_inactive/mhw/mhw_post_fall_inactive_t004_proxy13.csv,csi_to_pose_mhw/pose_gt_world/full_33_landmarks/post_fall_inactive/mhw/mhw_post_fall_inactive_t004_full33.csv
mhw,mhw,post_fall_inactive,t005,5,quiet,train,True,True,True,True,csi_to_pose_mhw/csi/danger/fall/post_fall_inactive/mhw/mhw_post_fall_inactive_t005.csv,csi_to_pose_mhw/pose_gt_world/proxy_13/post_fall_inactive/mhw/mhw_post_fall_inactive_t005_proxy13.csv,csi_to_pose_mhw/pose_gt_world/full_33_landmarks/post_fall_inactive/mhw/mhw_post_fall_inactive_t005_full33.csv
mhw,mhw,post_fall_inactive,t006,6,quiet,val,True,True,True,True,csi_to_pose_mhw/csi/danger/fall/post_fall_inactive/mhw/mhw_post_fall_inactive_t006.csv,csi_to_pose_mhw/pose_gt_world/proxy_13/post_fall_inactive/mhw/mhw_post_fall_inactive_t006_proxy13.csv,csi_to_pose_mhw/pose_gt_world/full_33_landmarks/post_fall_inactive/mhw/mhw_post_fall_inactive_t006_full33.csv
mhw,mhw,post_fall_inactive,t007,7,quiet,test,True,True,True,True,csi_to_pose_mhw/csi/danger/fall/post_fall_inactive/mhw/mhw_post_fall_inactive_t007.csv,csi_to_pose_mhw/pose_gt_world/proxy_13/post_fall_inactive/mhw/mhw_post_fall_inactive_t007_proxy13.csv,csi_to_pose_mhw/pose_gt_world/full_33_landmarks/post_fall_inactive/mhw/mhw_post_fall_inactive_t007_full33.csv
mhw,mhw,post_fall_inactive,t008,8,aircon,train,True,True,True,True,csi_to_pose_mhw/csi/danger/fall/post_fall_inactive/mhw/mhw_post_fall_inactive_t008.csv,csi_to_pose_mhw/pose_gt_world/proxy_13/post_fall_inactive/mhw/mhw_post_fall_inactive_t008_proxy13.csv,csi_to_pose_mhw/pose_gt_world/full_33_landmarks/post_fall_inactive/mhw/mhw_post_fall_inactive_t008_full33.csv
mhw,mhw,post_fall_inactive,t009,9,aircon,train,True,True,True,True,csi_to_pose_mhw/csi/danger/fall/post_fall_inactive/mhw/mhw_post_fall_inactive_t009.csv,csi_to_pose_mhw/pose_gt_world/proxy_13/post_fall_inactive/mhw/mhw_post_fall_inactive_t009_proxy13.csv,csi_to_pose_mhw/pose_gt_world/full_33_landmarks/post_fall_inactive/mhw/mhw_post_fall_inactive_t009_full33.csv
mhw,mhw,post_fall_inactive,t010,10,aircon,train,True,True,True,True,csi_to_pose_mhw/csi/danger/fall/post_fall_inactive/mhw/mhw_post_fall_inactive_t010.csv,csi_to_pose_mhw/pose_gt_world/proxy_13/post_fall_inactive/mhw/mhw_post_fall_inactive_t010_proxy13.csv,csi_to_pose_mhw/pose_gt_world/full_33_landmarks/post_fall_inactive/mhw/mhw_post_fall_inactive_t010_full33.csv
mhw,mhw,post_fall_inactive,t011,11,aircon,train,True,True,True,True,csi_to_pose_mhw/csi/danger/fall/post_fall_inactive/mhw/mhw_post_fall_inactive_t011.csv,csi_to_pose_mhw/pose_gt_world/proxy_13/post_fall_inactive/mhw/mhw_post_fall_inactive_t011_proxy13.csv,csi_to_pose_mhw/pose_gt_world/full_33_landmarks/post_fall_inactive/mhw/mhw_post_fall_inactive_t011_full33.csv
mhw,mhw,post_fall_inactive,t012,12,aircon,val,True,True,True,True,csi_to_pose_mhw/csi/danger/fall/post_fall_inactive/mhw/mhw_post_fall_inactive_t012.csv,csi_to_pose_mhw/pose_gt_world/proxy_13/post_fall_inactive/mhw/mhw_post_fall_inactive_t012_proxy13.csv,csi_to_pose_mhw/pose_gt_world/full_33_landmarks/post_fall_inactive/mhw/mhw_post_fall_inactive_t012_full33.csv
mhw,mhw,post_fall_inactive,t013,13,aircon,test,True,True,True,True,csi_to_pose_mhw/csi/danger/fall/post_fall_inactive/mhw/mhw_post_fall_inactive_t013.csv,csi_to_pose_mhw/pose_gt_world/proxy_13/post_fall_inactive/mhw/mhw_post_fall_inactive_t013_proxy13.csv,csi_to_pose_mhw/pose_gt_world/full_33_landmarks/post_fall_inactive/mhw/mhw_post_fall_inactive_t013_full33.csv
mhw,mhw,post_fall_inactive,t014,14,tv,train,True,True,True,True,csi_to_pose_mhw/csi/danger/fall/post_fall_inactive/mhw/mhw_post_fall_inactive_t014.csv,csi_to_pose_mhw/pose_gt_world/proxy_13/post_fall_inactive/mhw/mhw_post_fall_inactive_t014_proxy13.csv,csi_to_pose_mhw/pose_gt_world/full_33_landmarks/post_fall_inactive/mhw/mhw_post_fall_inactive_t014_full33.csv
mhw,mhw,post_fall_inactive,t015,15,tv,train,True,True,True,True,csi_to_pose_mhw/csi/danger/fall/post_fall_inactive/mhw/mhw_post_fall_inactive_t015.csv,csi_to_pose_mhw/pose_gt_world/proxy_13/post_fall_inactive/mhw/mhw_post_fall_inactive_t015_proxy13.csv,csi_to_pose_mhw/pose_gt_world/full_33_landmarks/post_fall_inactive/mhw/mhw_post_fall_inactive_t015_full33.csv
mhw,mhw,post_fall_inactive,t016,16,tv,train,True,True,True,True,csi_to_pose_mhw/csi/danger/fall/post_fall_inactive/mhw/mhw_post_fall_inactive_t016.csv,csi_to_pose_mhw/pose_gt_world/proxy_13/post_fall_inactive/mhw/mhw_post_fall_inactive_t016_proxy13.csv,csi_to_pose_mhw/pose_gt_world/full_33_landmarks/post_fall_inactive/mhw/mhw_post_fall_inactive_t016_full33.csv
mhw,mhw,post_fall_inactive,t017,17,tv,train,True,True,True,True,csi_to_pose_mhw/csi/danger/fall/post_fall_inactive/mhw/mhw_post_fall_inactive_t017.csv,csi_to_pose_mhw/pose_gt_world/proxy_13/post_fall_inactive/mhw/mhw_post_fall_inactive_t017_proxy13.csv,csi_to_pose_mhw/pose_gt_world/full_33_landmarks/post_fall_inactive/mhw/mhw_post_fall_inactive_t017_full33.csv
mhw,mhw,post_fall_inactive,t018,18,tv,val,True,True,True,True,csi_to_pose_mhw/csi/danger/fall/post_fall_inactive/mhw/mhw_post_fall_inactive_t018.csv,csi_to_pose_mhw/pose_gt_world/proxy_13/post_fall_inactive/mhw/mhw_post_fall_inactive_t018_proxy13.csv,csi_to_pose_mhw/pose_gt_world/full_33_landmarks/post_fall_inactive/mhw/mhw_post_fall_inactive_t018_full33.csv
mhw,mhw,post_fall_inactive,t019,19,tv,test,True,True,True,True,csi_to_pose_mhw/csi/danger/fall/post_fall_inactive/mhw/mhw_post_fall_inactive_t019.csv,csi_to_pose_mhw/pose_gt_world/proxy_13/post_fall_inactive/mhw/mhw_post_fall_inactive_t019_proxy13.csv,csi_to_pose_mhw/pose_gt_world/full_33_landmarks/post_fall_inactive/mhw/mhw_post_fall_inactive_t019_full33.csv
mhw,mhw,post_fall_inactive,t020,20,music,train,True,True,True,True,csi_to_pose_mhw/csi/danger/fall/post_fall_inactive/mhw/mhw_post_fall_inactive_t020.csv,csi_to_pose_mhw/pose_gt_world/proxy_13/post_fall_inactive/mhw/mhw_post_fall_inactive_t020_proxy13.csv,csi_to_pose_mhw/pose_gt_world/full_33_landmarks/post_fall_inactive/mhw/mhw_post_fall_inactive_t020_full33.csv
mhw,mhw,post_fall_inactive,t021,21,music,train,True,True,True,True,csi_to_pose_mhw/csi/danger/fall/post_fall_inactive/mhw/mhw_post_fall_inactive_t021.csv,csi_to_pose_mhw/pose_gt_world/proxy_13/post_fall_inactive/mhw/mhw_post_fall_inactive_t021_proxy13.csv,csi_to_pose_mhw/pose_gt_world/full_33_landmarks/post_fall_inactive/mhw/mhw_post_fall_inactive_t021_full33.csv
mhw,mhw,post_fall_inactive,t022,22,music,train,True,True,True,True,csi_to_pose_mhw/csi/danger/fall/post_fall_inactive/mhw/mhw_post_fall_inactive_t022.csv,csi_to_pose_mhw/pose_gt_world/proxy_13/post_fall_inactive/mhw/mhw_post_fall_inactive_t022_proxy13.csv,csi_to_pose_mhw/pose_gt_world/full_33_landmarks/post_fall_inactive/mhw/mhw_post_fall_inactive_t022_full33.csv
mhw,mhw,post_fall_inactive,t023,23,music,train,True,True,True,True,csi_to_pose_mhw/csi/danger/fall/post_fall_inactive/mhw/mhw_post_fall_inactive_t023.csv,csi_to_pose_mhw/pose_gt_world/proxy_13/post_fall_inactive/mhw/mhw_post_fall_inactive_t023_proxy13.csv,csi_to_pose_mhw/pose_gt_world/full_33_landmarks/post_fall_inactive/mhw/mhw_post_fall_inactive_t023_full33.csv
mhw,mhw,post_fall_inactive,t024,24,music,val,True,True,True,True,csi_to_pose_mhw/csi/danger/fall/post_fall_inactive/mhw/mhw_post_fall_inactive_t024.csv,csi_to_pose_mhw/pose_gt_world/proxy_13/post_fall_inactive/mhw/mhw_post_fall_inactive_t024_proxy13.csv,csi_to_pose_mhw/pose_gt_world/full_33_landmarks/post_fall_inactive/mhw/mhw_post_fall_inactive_t024_full33.csv
mhw,mhw,post_fall_inactive,t025,25,music,test,True,True,True,True,csi_to_pose_mhw/csi/danger/fall/post_fall_inactive/mhw/mhw_post_fall_inactive_t025.csv,csi_to_pose_mhw/pose_gt_world/proxy_13/post_fall_inactive/mhw/mhw_post_fall_inactive_t025_proxy13.csv,csi_to_pose_mhw/pose_gt_world/full_33_landmarks/post_fall_inactive/mhw/mhw_post_fall_inactive_t025_full33.csv
